715.4855990410,2.0570625000,1.5830625000,1.1482500000,0.0000000000
716.0860221386,2.0570625000,1.5832500000,1.1484375000,-0.0003750000
716.7015929222,2.0568750000,1.5832500000,1.1484375000,-0.0001875000
717.4349606037,2.0568750000,1.5830625000,1.1480625000,-0.0001875000
718.0770153999,2.0568750000,1.5830625000,1.1482500000,0.0000000000
718.6825113297,2.0568750000,1.5832500000,1.1484375000,0.0000000000
719.2889647484,2.0566875000,1.5832500000,1.1482500000,-0.0003750000
719.8733313084,2.0568750000,1.5830625000,1.1482500000,-0.0001875000
720.5088369846,2.0568750000,1.5830625000,1.1484375000,-0.0003750000
721.0853552818,2.0568750000,1.5828750000,1.1482500000,-0.0003750000
721.6539053917,2.0566875000,1.5828750000,1.1480625000,0.0000000000
722.2234244347,2.0566875000,1.5828750000,1.1482500000,-0.0001875000
722.7931053638,2.0566875000,1.5828750000,1.1478750000,0.0000000000
723.3642570972,2.0566875000,1.5826875000,1.1482500000,-0.0001875000
723.9387106895,2.0566875000,1.5828750000,1.1484375000,-0.0001875000
724.5129082203,2.0566875000,1.5828750000,1.1480625000,0.0001875000
725.0868360996,2.0566875000,1.5828750000,1.1478750000,-0.0003750000
725.6604623795,2.0565000000,1.5828750000,1.1478750000,-0.0001875000
726.2345130444,2.0566875000,1.5830625000,1.1480625000,-0.0001875000
726.8096499443,2.0565000000,1.5828750000,1.1484375000,-0.0003750000
727.3847424984,2.0566875000,1.5828750000,1.1480625000,0.0000000000
727.9597578049,2.0565000000,1.5826875000,1.1480625000,0.0000000000
728.5326662064,2.0563125000,1.5826875000,1.1482500000,0.0000000000
729.1030349731,2.0563125000,1.5828750000,1.1480625000,-0.0005625000
729.6762843132,2.0565000000,1.5828750000,1.1482500000,-0.0001875000
730.2599143982,2.0563125000,1.5826875000,1.1480625000,-0.0001875000
730.8403120041,2.0563125000,1.5826875000,1.1480625000,-0.0001875000
731.4353895187,2.0565000000,1.5828750000,1.1482500000,0.0000000000
732.0146188736,2.0565000000,1.5825000000,1.1484375000,-0.0001875000
732.6208543777,2.0561250000,1.5825000000,1.1480625000,0.0000000000
733.1996214390,2.0565000000,1.5826875000,1.1482500000,-0.0005625000
733.7890598774,2.0563125000,1.5828750000,1.1478750000,-0.0003750000
734.3743135929,2.0563125000,1.5825000000,1.1480625000,-0.0001875000
734.9836606979,2.0563125000,1.5825000000,1.1482500000,0.0000000000
735.5988190174,2.0561250000,1.5826875000,1.1480625000,0.0000000000
736.2058737278,2.0561250000,1.5825000000,1.1478750000,-0.0003750000
736.7956509590,2.0561250000,1.5825000000,1.1480625000,0.0000000000
737.4369325638,2.0559375000,1.5825000000,1.1480625000,-0.0001875000
738.0379266739,2.0561250000,1.5823125000,1.1480625000,-0.0001875000
738.6253955364,2.0559375000,1.5823125000,1.1478750000,-0.0003750000
739.2397136688,2.0561250000,1.5823125000,1.1478750000,-0.0001875000
739.9801805019,2.0561250000,1.5821250000,1.1478750000,-0.0001875000
740.6068110466,2.0559375000,1.5823125000,1.1484375000,-0.0001875000
741.1991660595,2.0561250000,1.5823125000,1.1482500000,-0.0001875000
741.7878808975,2.0559375000,1.5823125000,1.1480625000,-0.0001875000
742.3826174736,2.0559375000,1.5821250000,1.1480625000,-0.0001875000
743.0157744884,2.0557500000,1.5821250000,1.1478750000,-0.0003750000
743.6247754097,2.0559375000,1.5825000000,1.1480625000,-0.0003750000
744.2437908649,2.0559375000,1.5821250000,1.1482500000,-0.0003750000
744.8739366531,2.0559375000,1.5819375000,1.1480625000,-0.0001875000
745.4957559109,2.0557500000,1.5821250000,1.1478750000,-0.0001875000
746.1692979336,2.0557500000,1.5823125000,1.1478750000,0.0001875000
746.8339929581,2.0557500000,1.5823125000,1.1478750000,-0.0003750000
747.4379205704,2.0557500000,1.5823125000,1.1482500000,-0.0003750000
748.0473854542,2.0555625000,1.5821250000,1.1482500000,-0.0003750000
748.6549220085,2.0555625000,1.5821250000,1.1478750000,-0.0005625000
749.3101572990,2.0553750000,1.5821250000,1.1478750000,-0.0001875000
749.9717741013,2.0557500000,1.5821250000,1.1478750000,0.0001875000
750.5888109207,2.0555625000,1.5821250000,1.1480625000,-0.0001875000
751.1993625164,2.0555625000,1.5819375000,1.1476875000,-0.0001875000
751.7991826534,2.0555625000,1.5821250000,1.1480625000,-0.0001875000
752.4541130066,2.0551875000,1.5819375000,1.1480625000,-0.0001875000
753.1892936230,2.0553750000,1.5819375000,1.1478750000,0.0000000000
753.8301558495,2.0553750000,1.5819375000,1.1476875000,-0.0001875000
754.4455597401,2.0551875000,1.5821250000,1.1482500000,-0.0001875000
755.1042401791,2.0553750000,1.5819375000,1.1478750000,0.0000000000
755.8102388382,2.0551875000,1.5819375000,1.1478750000,-0.0001875000
756.4918568134,2.0553750000,1.5819375000,1.1480625000,-0.0005625000
757.1071996689,2.0553750000,1.5819375000,1.1476875000,-0.0001875000
757.7018954754,2.0550000000,1.5819375000,1.1476875000,0.0000000000
758.3104720116,2.0553750000,1.5819375000,1.1480625000,-0.0003750000
758.9813125134,2.0551875000,1.5817500000,1.1476875000,-0.0003750000
759.6017806530,2.0551875000,1.5817500000,1.1480625000,-0.0001875000
760.1918351650,2.0551875000,1.5815625000,1.1478750000,0.0000000000
760.7799997330,2.0548125000,1.5817500000,1.1478750000,-0.0003750000
761.3688147068,2.0550000000,1.5819375000,1.1480625000,0.0000000000
761.9579231739,2.0550000000,1.5815625000,1.1478750000,0.0000000000
762.5389063358,2.0550000000,1.5819375000,1.1476875000,-0.0001875000
763.1299524307,2.0550000000,1.5813750000,1.1476875000,0.0000000000
763.7140102386,2.0548125000,1.5815625000,1.1478750000,0.0000000000
764.2924025059,2.0548125000,1.5813750000,1.1476875000,-0.0005625000
764.8695406914,2.0548125000,1.5817500000,1.1478750000,0.0000000000
765.4518258572,2.0548125000,1.5817500000,1.1476875000,-0.0001875000
766.0313169956,2.0550000000,1.5815625000,1.1480625000,0.0001875000
766.6089336872,2.0548125000,1.5815625000,1.1478750000,0.0000000000
767.1851146221,2.0546250000,1.5815625000,1.1476875000,-0.0001875000
767.7606027126,2.0546250000,1.5815625000,1.1478750000,-0.0001875000
768.3391230106,2.0550000000,1.5815625000,1.1476875000,-0.0003750000
768.9196503162,2.0548125000,1.5815625000,1.1475000000,-0.0001875000
769.4990923405,2.0551875000,1.5815625000,1.1476875000,-0.0005625000
770.0796964169,2.0551875000,1.5813750000,1.1476875000,-0.0003750000
770.6592299938,2.0555625000,1.5817500000,1.1482500000,-0.0005625000
771.2387185097,2.0551875000,1.5821250000,1.1480625000,0.0000000000
771.8196301460,2.0548125000,1.5821250000,1.1480625000,-0.0001875000
772.4026710987,2.0546250000,1.5821250000,1.1482500000,-0.0001875000
772.9823710918,2.0542500000,1.5821250000,1.1484375000,-0.0003750000
773.5645160675,2.0540625000,1.5821250000,1.1482500000,-0.0003750000
774.1449551582,2.0540625000,1.5821250000,1.1482500000,-0.0001875000
774.7288613319,2.0535000000,1.5817500000,1.1484375000,0.0001875000
775.3143970966,2.0535000000,1.5819375000,1.1484375000,-0.0003750000
775.8964376450,2.0531250000,1.5821250000,1.1486250000,-0.0005625000
776.4774541855,2.0529375000,1.5819375000,1.1486250000,-0.0001875000
777.0569639206,2.0527500000,1.5819375000,1.1482500000,0.0000000000
777.6404213905,2.0527500000,1.5817500000,1.1482500000,-0.0003750000
778.2263960838,2.0525625000,1.5821250000,1.1484375000,-0.0001875000
778.8158812523,2.0523750000,1.5819375000,1.1482500000,-0.0001875000
779.4062933922,2.0523750000,1.5819375000,1.1482500000,-0.0001875000
779.9979300499,2.0520000000,1.5819375000,1.1484375000,-0.0001875000
780.5857944489,2.0520000000,1.5817500000,1.1480625000,-0.0001875000
781.1802785397,2.0518125000,1.5817500000,1.1484375000,-0.0001875000
781.7934250832,2.0520000000,1.5815625000,1.1484375000,-0.0001875000
782.4234521389,2.0518125000,1.5817500000,1.1484375000,-0.0001875000
783.0442852974,2.0514375000,1.5815625000,1.1486250000,-0.0007500000
783.6504323483,2.0514375000,1.5813750000,1.1482500000,-0.0001875000
784.2778697014,2.0514375000,1.5813750000,1.1482500000,-0.0001875000
784.9641005993,2.0514375000,1.5815625000,1.1482500000,0.0000000000
785.6679718494,2.0514375000,1.5813750000,1.1482500000,-0.0001875000
786.3270306587,2.0512500000,1.5815625000,1.1484375000,0.0000000000
786.9375915527,2.0510625000,1.5813750000,1.1484375000,0.0000000000
787.5712885857,2.0508750000,1.5811875000,1.1482500000,-0.0003750000
788.2395420074,2.0510625000,1.5811875000,1.1484375000,0.0000000000
788.8676884174,2.0506875000,1.5811875000,1.1482500000,-0.0001875000
789.4952113628,2.0508750000,1.5811875000,1.1484375000,0.0000000000
790.1054971218,2.0506875000,1.5810000000,1.1482500000,0.0001875000
790.7373294830,2.0506875000,1.5810000000,1.1482500000,-0.0001875000
791.4101657867,2.0506875000,1.5810000000,1.1484375000,-0.0005625000
792.0438797474,2.0503125000,1.5811875000,1.1482500000,-0.0001875000
792.6823840141,2.0505000000,1.5808125000,1.1482500000,0.0000000000
793.2936947346,2.0501250000,1.5810000000,1.1480625000,-0.0001875000
793.9237029552,2.0503125000,1.5811875000,1.1480625000,-0.0003750000
794.5961484909,2.0503125000,1.5808125000,1.1482500000,-0.0001875000
795.2294776440,2.0503125000,1.5810000000,1.1480625000,-0.0003750000
795.8535544872,2.0501250000,1.5808125000,1.1482500000,0.0000000000
796.4608614445,2.0503125000,1.5810000000,1.1482500000,0.0000000000
797.0832462311,2.0501250000,1.5808125000,1.1482500000,-0.0003750000
797.7551383972,2.0499375000,1.5808125000,1.1482500000,-0.0003750000
798.3948311806,2.0499375000,1.5808125000,1.1482500000,0.0001875000
799.0236749649,2.0499375000,1.5806250000,1.1480625000,0.0000000000
799.6353988647,2.0497500000,1.5808125000,1.1482500000,-0.0003750000
800.2550532818,2.0497500000,1.5808125000,1.1480625000,-0.0003750000
800.9287784100,2.0499375000,1.5804375000,1.1480625000,-0.0001875000
801.5725200176,2.0497500000,1.5808125000,1.1478750000,-0.0001875000
802.2022948265,2.0495625000,1.5806250000,1.1480625000,-0.0001875000
802.8147928715,2.0495625000,1.5804375000,1.1482500000,-0.0001875000
803.4331228733,2.0493750000,1.5806250000,1.1480625000,-0.0001875000
804.1067998409,2.0493750000,1.5804375000,1.1480625000,-0.0005625000
804.7530944347,2.0491875000,1.5804375000,1.1480625000,0.0000000000
805.3829309940,2.0491875000,1.5804375000,1.1480625000,-0.0001875000
805.9797465801,2.0491875000,1.5806250000,1.1480625000,-0.0001875000
806.6025924683,2.0490000000,1.5804375000,1.1480625000,-0.0003750000
807.2809603214,2.0490000000,1.5804375000,1.1480625000,-0.0005625000
807.9338047504,2.0490000000,1.5806250000,1.1480625000,0.0000000000
808.5657179356,2.0488125000,1.5804375000,1.1482500000,-0.0001875000
809.1822271347,2.0486250000,1.5804375000,1.1478750000,0.0000000000
809.8036398888,2.0488125000,1.5804375000,1.1478750000,-0.0001875000
810.4793310165,2.0486250000,1.5804375000,1.1478750000,-0.0001875000
811.1335704327,2.0484375000,1.5800625000,1.1480625000,0.0000000000
811.7703075409,2.0486250000,1.5800625000,1.1482500000,-0.0003750000
812.3898687363,2.0486250000,1.5804375000,1.1478750000,-0.0001875000
813.0154860020,2.0482500000,1.5802500000,1.1478750000,0.0000000000
813.7002739906,2.0484375000,1.5804375000,1.1480625000,-0.0001875000
814.3579049110,2.0482500000,1.5802500000,1.1478750000,-0.0005625000
814.9938957691,2.0480625000,1.5798750000,1.1476875000,-0.0003750000
815.6123313904,2.0482500000,1.5802500000,1.1478750000,-0.0003750000
816.2385790348,2.0480625000,1.5800625000,1.1480625000,-0.0003750000
816.9242451191,2.0478750000,1.5800625000,1.1478750000,0.0000000000
817.5754988194,2.0478750000,1.5798750000,1.1478750000,-0.0003750000
818.2101280689,2.0476875000,1.5800625000,1.1478750000,0.0001875000
818.8278632164,2.0476875000,1.5798750000,1.1478750000,-0.0001875000
819.4522497654,2.0476875000,1.5798750000,1.1478750000,-0.0001875000
820.1332638264,2.0475000000,1.5800625000,1.1478750000,-0.0003750000
820.7883448601,2.0475000000,1.5798750000,1.1478750000,0.0000000000
821.4267585278,2.0475000000,1.5798750000,1.1480625000,-0.0003750000
822.0468318462,2.0473125000,1.5796875000,1.1478750000,0.0000000000
822.6734945774,2.0475000000,1.5796875000,1.1476875000,-0.0001875000
823.3532748222,2.0473125000,1.5796875000,1.1478750000,-0.0001875000
824.0320272446,2.0471250000,1.5798750000,1.1476875000,-0.0001875000
824.6690063477,2.0471250000,1.5795000000,1.1473125000,-0.0003750000
825.2891380787,2.0467500000,1.5793125000,1.1467500000,-0.0001875000
825.9166548252,2.0473125000,1.5789375000,1.1467500000,0.0000000000
826.5986492634,2.0478750000,1.5789375000,1.1469375000,-0.0001875000
827.2513484955,2.0482500000,1.5789375000,1.1469375000,0.0000000000
827.8886566162,2.0488125000,1.5791250000,1.1467500000,-0.0001875000
828.5071005821,2.0488125000,1.5791250000,1.1467500000,0.0000000000
829.1038084030,2.0491875000,1.5791250000,1.1463750000,0.0000000000
829.7861022949,2.0495625000,1.5793125000,1.1467500000,-0.0001875000
830.4407386780,2.0499375000,1.5796875000,1.1463750000,0.0001875000
831.0787966251,2.0503125000,1.5796875000,1.1467500000,-0.0003750000
831.6988227367,2.0505000000,1.5798750000,1.1465625000,-0.0003750000
832.3306744099,2.0508750000,1.5800625000,1.1467500000,0.0000000000
833.0160806179,2.0508750000,1.5802500000,1.1471250000,-0.0001875000
833.6717007160,2.0506875000,1.5806250000,1.1473125000,-0.0003750000
834.3106265068,2.0505000000,1.5810000000,1.1469375000,-0.0003750000
834.9335103035,2.0505000000,1.5808125000,1.1467500000,-0.0001875000
835.5647151470,2.0503125000,1.5810000000,1.1469375000,-0.0001875000
836.2511196136,2.0497500000,1.5808125000,1.1471250000,-0.0001875000
836.9061164856,2.0495625000,1.5810000000,1.1467500000,-0.0003750000
837.5456652641,2.0493750000,1.5810000000,1.1471250000,-0.0001875000
838.1704502106,2.0491875000,1.5806250000,1.1473125000,-0.0003750000
838.8073523045,2.0491875000,1.5810000000,1.1471250000,-0.0003750000
839.4878947735,2.0488125000,1.5810000000,1.1475000000,-0.0003750000
840.1355340481,2.0486250000,1.5808125000,1.1473125000,-0.0007500000
840.7705335617,2.0482500000,1.5813750000,1.1475000000,0.0000000000
841.3907506466,2.0480625000,1.5815625000,1.1473125000,-0.0001875000
842.0251708031,2.0480625000,1.5823125000,1.1473125000,-0.0001875000
842.7074537277,2.0484375000,1.5841875000,1.1484375000,-0.0001875000
843.3553345203,2.0488125000,1.5864375000,1.1491875000,0.0000000000
843.9919722080,2.0493750000,1.5898125000,1.1501250000,-0.0001875000
844.6128854752,2.0503125000,1.5943125000,1.1508750000,-0.0001875000
845.2508766651,2.0510625000,1.5986250000,1.1521875000,-0.0003750000
845.9348130226,2.0521875000,1.6036875000,1.1531250000,-0.0001875000
846.5825762749,2.0533125000,1.6095000000,1.1546250000,-0.0003750000
847.2196838856,2.0546250000,1.6145625000,1.1557500000,-0.0003750000
847.8403785229,2.0557500000,1.6200000000,1.1574375000,-0.0001875000
848.4792675972,2.0570625000,1.6258125000,1.1585625000,-0.0001875000
849.1626608372,2.0585625000,1.6318125000,1.1596875000,-0.0003750000
849.8164577484,2.0600625000,1.6374375000,1.1610000000,-0.0001875000
850.4542407990,2.0613750000,1.6432500000,1.1626875000,0.0000000000
851.0773928165,2.0626875000,1.6490625000,1.1641875000,0.0000000000
851.7244591713,2.0640000000,1.6546875000,1.1658750000,-0.0001875000
852.4819865227,2.0658750000,1.6612500000,1.1677500000,-0.0001875000
853.1241772175,2.0671875000,1.6666875000,1.1696250000,-0.0003750000
853.7637646198,2.0681250000,1.6725000000,1.1713125000,0.0000000000
854.3872816563,2.0696250000,1.6775625000,1.1726250000,-0.0001875000
855.0492076874,2.0709375000,1.6830000000,1.1746875000,-0.0003750000
855.7375469208,2.0726250000,1.6888125000,1.1765625000,-0.0001875000
856.3811712265,2.0737500000,1.6936875000,1.1782500000,-0.0003750000
857.0196163654,2.0748750000,1.6989375000,1.1801250000,-0.0001875000
857.6478431225,2.0760000000,1.7036250000,1.1818125000,-0.0003750000
858.3133776188,2.0771250000,1.7086875000,1.1835000000,-0.0003750000
858.9963788986,2.0784375000,1.7135625000,1.1855625000,-0.0001875000
859.6397049427,2.0797500000,1.7182500000,1.1876250000,-0.0003750000
860.2751467228,2.0808750000,1.7229375000,1.1893125000,-0.0005625000
860.9012973309,2.0820000000,1.7268750000,1.1910000000,-0.0003750000
861.5718321800,2.0833125000,1.7313750000,1.1930625000,-0.0003750000
862.2585783005,2.0844375000,1.7358750000,1.1945625000,0.0000000000
862.9021525383,2.0855625000,1.7400000000,1.1964375000,-0.0001875000
863.5379726887,2.0865000000,1.7439375000,1.1983125000,0.0001875000
864.1661431789,2.0876250000,1.7480625000,1.2000000000,-0.0003750000
864.8489897251,2.0887500000,1.7523750000,1.2018750000,-0.0003750000
865.5318725109,2.0898750000,1.7561250000,1.2039375000,-0.0003750000
866.1765818596,2.0910000000,1.7600625000,1.2058125000,-0.0001875000
866.8098700047,2.0917500000,1.7638125000,1.2075000000,-0.0003750000
867.4378507137,2.0928750000,1.7673750000,1.2093750000,0.0000000000
868.1256072521,2.0938125000,1.7711250000,1.2112500000,-0.0001875000
868.8012776375,2.0947500000,1.7746875000,1.2131250000,-0.0003750000
869.4474272728,2.0955000000,1.7784375000,1.2148125000,0.0000000000
870.0520896912,2.0964375000,1.7816250000,1.2168750000,0.0001875000
870.6816418171,2.0973750000,1.7850000000,1.2183750000,-0.0001875000
871.3725650311,2.0985000000,1.7881875000,1.2204375000,-0.0001875000
872.0475547314,2.0994375000,1.7917500000,1.2221250000,0.0000000000
872.6940071583,2.1001875000,1.7947500000,1.2240000000,-0.0001875000
873.3261246681,2.1009375000,1.7981250000,1.2255000000,0.0000000000
873.9617199898,2.1020625000,1.8013125000,1.2273750000,0.0001875000
874.6541888714,2.1028125000,1.8045000000,1.2294375000,0.0000000000
875.3251938820,2.1037500000,1.8076875000,1.2311250000,-0.0005625000
875.9758930206,2.1045000000,1.8106875000,1.2330000000,-0.0001875000
876.6271824837,2.1056250000,1.8135000000,1.2345000000,-0.0003750000
877.2702946663,2.1060000000,1.8165000000,1.2363750000,-0.0001875000
877.9653601646,2.1069375000,1.8200625000,1.2380625000,-0.0001875000
878.6316773891,2.1076875000,1.8225000000,1.2397500000,-0.0003750000
879.2803277969,2.1084375000,1.8255000000,1.2416250000,0.0000000000
879.9126040936,2.1091875000,1.8283125000,1.2433125000,0.0000000000
880.5249910355,2.1099375000,1.8305625000,1.2450000000,-0.0001875000
881.2252073288,2.1105000000,1.8335625000,1.2466875000,-0.0001875000
881.8885858059,2.1116250000,1.8365625000,1.2481875000,-0.0001875000
882.5371615887,2.1120000000,1.8393750000,1.2500625000,-0.0001875000
883.1707699299,2.1127500000,1.8416250000,1.2515625000,-0.0001875000
883.8271784782,2.1135000000,1.8442500000,1.2536250000,-0.0001875000
884.4626297951,2.1140625000,1.8470625000,1.2549375000,-0.0001875000
885.1231715679,2.1150000000,1.8493125000,1.2570000000,-0.0001875000
885.7902083397,2.1153750000,1.8523125000,1.2588750000,-0.0001875000
886.4079630375,2.1163125000,1.8549375000,1.2601875000,-0.0001875000
887.0273015499,2.1166875000,1.8577500000,1.2616875000,-0.0005625000
887.6561763287,2.1168750000,1.8598125000,1.2633750000,-0.0003750000
888.2810916901,2.1172500000,1.8622500000,1.2650625000,-0.0003750000
888.9036896229,2.1176250000,1.8646875000,1.2663750000,-0.0001875000
889.5239493847,2.1181875000,1.8669375000,1.2682500000,0.0001875000
890.1739649773,2.1187500000,1.8695625000,1.2693750000,-0.0003750000
890.8924708366,2.1191250000,1.8720000000,1.2710625000,0.0000000000
891.5560979843,2.1196875000,1.8746250000,1.2731250000,-0.0001875000
892.2092323303,2.1202500000,1.8766875000,1.2746250000,0.0000000000
892.8448085785,2.1206250000,1.8789375000,1.2763125000,-0.0001875000
893.5141391754,2.1206250000,1.8817500000,1.2778125000,-0.0003750000
894.2201013565,2.1213750000,1.8841875000,1.2796875000,-0.0001875000
894.8394973278,2.1219375000,1.8862500000,1.2811875000,-0.0001875000
895.4947767258,2.1221250000,1.8890625000,1.2823125000,-0.0001875000
896.1341917515,2.1226875000,1.8911250000,1.2840000000,-0.0003750000
896.8111529350,2.1230625000,1.8935625000,1.2858750000,0.0000000000
897.5112779140,2.1236250000,1.8958125000,1.2873750000,0.0000000000
898.1701269150,2.1241875000,1.8982500000,1.2888750000,-0.0001875000
898.8228259087,2.1243750000,1.9006875000,1.2905625000,-0.0001875000
899.4641788006,2.1247500000,1.9029375000,1.2918750000,-0.0003750000
900.1572899818,2.1253125000,1.9051875000,1.2931875000,-0.0005625000
900.8542556763,2.1255000000,1.9076250000,1.2950625000,0.0000000000
901.5132446289,2.1258750000,1.9100625000,1.2965625000,-0.0001875000
902.1607050896,2.1262500000,1.9119375000,1.2980625000,-0.0001875000
902.8197448254,2.1268125000,1.9141875000,1.2993750000,0.0001875000
903.6223666668,2.1273750000,1.9171875000,1.3014375000,-0.0001875000
904.3013403416,2.1273750000,1.9192500000,1.3025625000,0.0000000000
904.9602441788,2.1279375000,1.9215000000,1.3044375000,-0.0001875000
905.5674803257,2.1283125000,1.9237500000,1.3053750000,-0.0001875000
906.2238490582,2.1285000000,1.9256250000,1.3070625000,-0.0001875000
907.1039180756,2.1290625000,1.9284375000,1.3089375000,-0.0001875000
907.8228299618,2.1296250000,1.9306875000,1.3104375000,-0.0005625000
908.4964013100,2.1298125000,1.9333125000,1.3119375000,-0.0001875000
909.0928032398,2.1301875000,1.9350000000,1.3132500000,0.0000000000
909.7885742188,2.1305625000,1.9372500000,1.3145625000,0.0000000000
910.4897615910,2.1309375000,1.9395000000,1.3162500000,-0.0003750000
911.1522657871,2.1309375000,1.9415625000,1.3177500000,-0.0003750000
911.8055269718,2.1313125000,1.9436250000,1.3188750000,-0.0003750000
912.4217693806,2.1318750000,1.9455000000,1.3203750000,-0.0003750000
913.1335570812,2.1322500000,1.9481250000,1.3215000000,-0.0003750000
913.8279819489,2.1324375000,1.9500000000,1.3230000000,0.0000000000
914.4927957058,2.1328125000,1.9520625000,1.3245000000,-0.0003750000
915.1435985565,2.1330000000,1.9539375000,1.3260000000,-0.0003750000
915.7966747284,2.1331875000,1.9561875000,1.3273125000,0.0000000000
916.5081040859,2.1337500000,1.9580625000,1.3286250000,0.0000000000
917.1855387688,2.1337500000,1.9603125000,1.3301250000,-0.0001875000
917.8144857883,2.1339375000,1.9620000000,1.3310625000,-0.0001875000
918.4411993027,2.1345000000,1.9638750000,1.3321875000,-0.0005625000
919.0766904354,2.1346875000,1.9653750000,1.3335000000,0.0000000000
919.7168440819,2.1346875000,1.9678125000,1.3348125000,-0.0003750000
920.3613667488,2.1350625000,1.9695000000,1.3363125000,-0.0003750000
921.0513916016,2.1352500000,1.9713750000,1.3376250000,-0.0001875000
921.7002203465,2.1356250000,1.9732500000,1.3389375000,-0.0001875000
922.3795707226,2.1358125000,1.9753125000,1.3400625000,0.0000000000
923.0927121639,2.1361875000,1.9773750000,1.3417500000,0.0000000000
923.7625751495,2.1365625000,1.9792500000,1.3426875000,-0.0001875000
924.4277110100,2.1367500000,1.9811250000,1.3440000000,-0.0001875000
925.0765693188,2.1371250000,1.9828125000,1.3453125000,0.0000000000
925.7713012695,2.1369375000,1.9845000000,1.3464375000,-0.0001875000
926.5371735096,2.1373125000,1.9867500000,1.3475625000,-0.0001875000
927.2628014088,2.1376875000,1.9888125000,1.3490625000,-0.0001875000
927.9407117367,2.1380625000,1.9905000000,1.3505625000,0.0000000000
928.6074869633,2.1384375000,1.9921875000,1.3515000000,-0.0005625000
929.3222208023,2.1384375000,1.9942500000,1.3530000000,-0.0003750000
929.9647266865,2.1386250000,1.9957500000,1.3533750000,0.0000000000
930.6022098064,2.1388125000,1.9976250000,1.3552500000,-0.0001875000
931.2377071381,2.1391875000,1.9993125000,1.3563750000,-0.0001875000
931.8740446568,2.1390000000,2.0011875000,1.3578750000,-0.0001875000
932.5184278488,2.1391875000,2.0019375000,1.3582500000,-0.0001875000
933.1597750187,2.1393750000,2.0021250000,1.3586250000,-0.0001875000
933.7981998920,2.1395625000,2.0021250000,1.3591875000,-0.0003750000
934.4358332157,2.1393750000,2.0015625000,1.3597500000,-0.0001875000
935.0738530159,2.1391875000,2.0010000000,1.3603125000,-0.0001875000
935.7182316780,2.1388125000,1.9995000000,1.3606875000,-0.0001875000
936.3606824875,2.1382500000,1.9980000000,1.3606875000,0.0000000000
937.0047836304,2.1376875000,1.9963125000,1.3608750000,-0.0001875000
937.6461529732,2.1369375000,1.9946250000,1.3612500000,-0.0005625000
938.2871367931,2.1363750000,1.9925625000,1.3614375000,-0.0003750000
938.9452769756,2.1356250000,1.9905000000,1.3612500000,-0.0001875000
939.5847969055,2.1348750000,1.9886250000,1.3612500000,-0.0001875000
940.2545602322,2.1337500000,1.9863750000,1.3610625000,-0.0003750000
940.9123125076,2.1328125000,1.9843125000,1.3610625000,-0.0003750000
941.5880870819,2.1322500000,1.9818750000,1.3610625000,-0.0001875000
942.3101503849,2.1309375000,1.9794375000,1.3608750000,0.0000000000
942.9908692837,2.1300000000,1.9773750000,1.3601250000,-0.0005625000
943.6665930748,2.1288750000,1.9751250000,1.3599375000,-0.0003750000
944.3217375278,2.1281250000,1.9730625000,1.3597500000,-0.0001875000
945.0232355595,2.1270000000,1.9708125000,1.3593750000,-0.0001875000
945.7414741516,2.1256875000,1.9683750000,1.3588125000,-0.0003750000
946.4132776260,2.1247500000,1.9665000000,1.3584375000,0.0000000000
947.0804681778,2.1234375000,1.9644375000,1.3576875000,-0.0001875000
947.7403295040,2.1225000000,1.9627500000,1.3571250000,-0.0001875000
948.4659996033,2.1213750000,1.9606875000,1.3565625000,-0.0001875000
949.1700878143,2.1200625000,1.9584375000,1.3561875000,0.0001875000
949.8441343307,2.1191250000,1.9565625000,1.3556250000,0.0000000000
950.4669296741,2.1181875000,1.9550625000,1.3548750000,-0.0003750000
951.1350085735,2.1170625000,1.9533750000,1.3545000000,-0.0003750000
951.8588843346,2.1157500000,1.9516875000,1.3539375000,0.0000000000
952.5480756760,2.1144375000,1.9498125000,1.3530000000,-0.0003750000
953.2717423439,2.1135000000,1.9483125000,1.3524375000,-0.0003750000
953.9310355186,2.1123750000,1.9466250000,1.3516875000,-0.0005625000
954.6304707527,2.1110625000,1.9451250000,1.3511250000,-0.0001875000
955.3530659676,2.1099375000,1.9434375000,1.3505625000,-0.0001875000
956.0319142342,2.1088125000,1.9419375000,1.3500000000,0.0000000000
956.7006664276,2.1076875000,1.9402500000,1.3494375000,-0.0005625000
957.3617970943,2.1067500000,1.9391250000,1.3485000000,-0.0003750000
958.0402934551,2.1056250000,1.9378125000,1.3479375000,-0.0001875000
958.7484529018,2.1043125000,1.9363125000,1.3471875000,0.0000000000
959.4265584946,2.1030000000,1.9350000000,1.3464375000,-0.0001875000
960.0882055759,2.1024375000,1.9335000000,1.3458750000,-0.0001875000
960.7560763359,2.1011250000,1.9321875000,1.3451250000,-0.0001875000
961.4814686775,2.1000000000,1.9306875000,1.3445625000,-0.0001875000
962.1730270386,2.0990625000,1.9297500000,1.3438125000,0.0000000000
962.8502063751,2.0977500000,1.9282500000,1.3430625000,-0.0001875000
963.5105593204,2.0970000000,1.9273125000,1.3423125000,-0.0003750000
964.2073283195,2.0956875000,1.9260000000,1.3417500000,-0.0003750000
965.0208327770,2.0943750000,1.9245000000,1.3410000000,-0.0003750000
965.7208657265,2.0936250000,1.9233750000,1.3402500000,0.0000000000
966.3890290260,2.0925000000,1.9222500000,1.3395000000,-0.0001875000
967.0630915165,2.0915625000,1.9211250000,1.3389375000,-0.0001875000
967.8549158573,2.0904375000,1.9198125000,1.3380000000,0.0000000000
968.5518386364,2.0895000000,1.9186875000,1.3372500000,-0.0003750000
969.2317347527,2.0881875000,1.9177500000,1.3365000000,-0.0001875000
969.8956353664,2.0872500000,1.9166250000,1.3357500000,-0.0001875000
970.5883607864,2.0863125000,1.9155000000,1.3351875000,-0.0001875000
971.3189680576,2.0853750000,1.9143750000,1.3344375000,-0.0003750000
972.0001087189,2.0844375000,1.9132500000,1.3340625000,-0.0001875000
972.6758677959,2.0836875000,1.9121250000,1.3329375000,-0.0003750000
973.3406989574,2.0825625000,1.9113750000,1.3321875000,-0.0001875000
974.0678741932,2.0818125000,1.9102500000,1.3316250000,-0.0001875000
974.7852168083,2.0808750000,1.9091250000,1.3308750000,-0.0003750000
975.4697246552,2.0799375000,1.9083750000,1.3303125000,-0.0001875000
976.1419696808,2.0791875000,1.9074375000,1.3295625000,-0.0001875000
976.8178508282,2.0782500000,1.9063125000,1.3288125000,-0.0003750000
977.5601646900,2.0773125000,1.9053750000,1.3284375000,-0.0005625000
978.2580332756,2.0767500000,1.9044375000,1.3275000000,-0.0001875000
978.9443068504,2.0756250000,1.9035000000,1.3267500000,-0.0001875000
979.6126239300,2.0748750000,1.9023750000,1.3260000000,0.0000000000
980.3256800175,2.0739375000,1.9016250000,1.3254375000,0.0000000000
981.0634489059,2.0731875000,1.9005000000,1.3245000000,0.0000000000
981.7525022030,2.0724375000,1.8995625000,1.3243125000,0.0000000000
982.4278542995,2.0715000000,1.8988125000,1.3235625000,-0.0005625000
983.0997133255,2.0709375000,1.8978750000,1.3228125000,-0.0001875000
983.8554441929,2.0701875000,1.8969375000,1.3218750000,-0.0005625000
984.5611727238,2.0696250000,1.8958125000,1.3213125000,-0.0003750000
985.2445681095,2.0685000000,1.8950625000,1.3205625000,-0.0003750000
985.9132375717,2.0677500000,1.8941250000,1.3201875000,-0.0003750000
986.6086034775,2.0671875000,1.8930000000,1.3192500000,-0.0001875000
987.3449673653,2.0664375000,1.8924375000,1.3183125000,-0.0001875000
988.0317525864,2.0656875000,1.8909375000,1.3181250000,-0.0003750000
988.7106285095,2.0651250000,1.8903750000,1.3173750000,-0.0001875000
989.3801288605,2.0643750000,1.8896250000,1.3166250000,-0.0003750000
990.1085207462,2.0634375000,1.8886875000,1.3160625000,0.0000000000
990.8314101696,2.0630625000,1.8877500000,1.3151250000,-0.0003750000
991.5239479542,2.0621250000,1.8870000000,1.3147500000,0.0001875000
992.1963968277,2.0615625000,1.8860625000,1.3138125000,-0.0001875000
992.8792982101,2.0608125000,1.8851250000,1.3132500000,0.0000000000
993.6298780441,2.0602500000,1.8843750000,1.3126875000,-0.0003750000
994.3321673870,2.0595000000,1.8834375000,1.3121250000,-0.0001875000
995.0227100849,2.0591250000,1.8825000000,1.3111875000,-0.0003750000
995.6961150169,2.0583750000,1.8817500000,1.3108125000,-0.0001875000
996.4189665318,2.0578125000,1.8806250000,1.3100625000,-0.0003750000
997.1598508358,2.0572500000,1.8798750000,1.3095000000,0.0000000000
997.8541643620,2.0568750000,1.8791250000,1.3089375000,-0.0005625000
998.5357055664,2.0561250000,1.8780000000,1.3081875000,-0.0001875000
999.2164645195,2.0557500000,1.8774375000,1.3076250000,-0.0003750000
999.9671423435,2.0550000000,1.8765000000,1.3070625000,-0.0005625000
1000.6777114868,2.0544375000,1.8755625000,1.3063125000,-0.0003750000
1001.3726315498,2.0538750000,1.8746250000,1.3057500000,-0.0003750000
1002.0467271805,2.0535000000,1.8740625000,1.3050000000,-0.0001875000
1002.7592179775,2.0527500000,1.8733125000,1.3044375000,-0.0003750000
1003.4976027012,2.0523750000,1.8720000000,1.3038750000,-0.0003750000
1004.1900885105,2.0520000000,1.8712500000,1.3031250000,-0.0003750000
1004.8741195202,2.0512500000,1.8705000000,1.3025625000,-0.0001875000
1005.5504040718,2.0508750000,1.8697500000,1.3020000000,-0.0003750000
1006.2948036194,2.0505000000,1.8688125000,1.3014375000,-0.0003750000
1007.0128366947,2.0501250000,1.8680625000,1.3005000000,-0.0003750000
1007.7063438892,2.0495625000,1.8671250000,1.3001250000,-0.0003750000
1008.3829028606,2.0490000000,1.8663750000,1.2993750000,-0.0001875000
1009.0866618156,2.0486250000,1.8656250000,1.2990000000,-0.0001875000
1009.8256866932,2.0480625000,1.8648750000,1.2984375000,-0.0001875000
1010.5153944492,2.0475000000,1.8641250000,1.2976875000,-0.0005625000
1011.1964371204,2.0473125000,1.8633750000,1.2973125000,-0.0001875000
1011.8274660110,2.0469375000,1.8626250000,1.2965625000,-0.0001875000
1012.5541255474,2.0463750000,1.8618750000,1.2960000000,-0.0003750000
1013.2798995972,2.0460000000,1.8611250000,1.2954375000,-0.0003750000
1013.9717192650,2.0454375000,1.8600000000,1.2946875000,-0.0001875000
1014.6460444927,2.0454375000,1.8592500000,1.2941250000,0.0000000000
1015.2873568535,2.0448750000,1.8586875000,1.2937500000,-0.0001875000
1016.0497009754,2.0443125000,1.8577500000,1.2930000000,-0.0001875000
1016.7554659843,2.0441250000,1.8568125000,1.2922500000,0.0000000000
1017.4464318752,2.0437500000,1.8564375000,1.2918750000,-0.0001875000
1018.1224312782,2.0435625000,1.8555000000,1.2913125000,-0.0001875000
1018.7817018032,2.0430000000,1.8549375000,1.2907500000,-0.0001875000
1019.4442508221,2.0428125000,1.8538125000,1.2903750000,0.0000000000
1020.1004695892,2.0424375000,1.8532500000,1.2896250000,0.0001875000
1020.7543578148,2.0420625000,1.8526875000,1.2892500000,-0.0003750000
1021.4108309746,2.0416875000,1.8519375000,1.2888750000,-0.0005625000
1022.0571446419,2.0415000000,1.8511875000,1.2881250000,-0.0001875000
1022.7178156376,2.0411250000,1.8502500000,1.2877500000,-0.0001875000
1023.3746221066,2.0409375000,1.8496875000,1.2873750000,-0.0001875000
1024.0386817455,2.0403750000,1.8489375000,1.2868125000,-0.0003750000
1024.6920735836,2.0401875000,1.8483750000,1.2862500000,-0.0001875000
1025.4086868763,2.0398125000,1.8476250000,1.2856875000,-0.0001875000
1026.0710637569,2.0396250000,1.8468750000,1.2851250000,-0.0001875000
1026.7127716541,2.0394375000,1.8461250000,1.2847500000,0.0000000000
1027.3680651188,2.0390625000,1.8453750000,1.2840000000,-0.0003750000
1028.0277686119,2.0388750000,1.8448125000,1.2836250000,-0.0003750000
1028.6938998699,2.0386875000,1.8440625000,1.2830625000,0.0000000000
1029.3603520393,2.0383125000,1.8431250000,1.2826875000,0.0000000000
1030.0204997063,2.0379375000,1.8425625000,1.2821250000,-0.0003750000
1030.6797301769,2.0377500000,1.8420000000,1.2815625000,-0.0003750000
1031.3366572857,2.0375625000,1.8410625000,1.2811875000,-0.0001875000
1032.0019161701,2.0371875000,1.8405000000,1.2806250000,-0.0001875000
1032.6647434235,2.0371875000,1.8397500000,1.2800625000,-0.0003750000
1033.3238198757,2.0368125000,1.8390000000,1.2796875000,-0.0001875000
1033.9839923382,2.0366250000,1.8384375000,1.2791250000,0.0000000000
1034.6438493729,2.0364375000,1.8378750000,1.2785625000,-0.0003750000
1035.3090815544,2.0360625000,1.8369375000,1.2781875000,-0.0001875000
1035.9729804993,2.0358750000,1.8363750000,1.2778125000,-0.0003750000
1036.6343245506,2.0356875000,1.8356250000,1.2770625000,-0.0005625000
1037.2931151390,2.0355000000,1.8348750000,1.2766875000,-0.0001875000
1037.9421472549,2.0355000000,1.8343125000,1.2761250000,-0.0003750000
1038.6128818989,2.0351250000,1.8337500000,1.2759375000,-0.0001875000
1039.2770941257,2.0349375000,1.8328125000,1.2755625000,0.0000000000
1039.9389555454,2.0345625000,1.8322500000,1.2748125000,0.0000000000
1040.5999784470,2.0345625000,1.8316875000,1.2744375000,-0.0001875000
1041.2620079517,2.0345625000,1.8309375000,1.2736875000,-0.0001875000
1041.9264640808,2.0341875000,1.8303750000,1.2733125000,-0.0001875000
1042.5865187645,2.0338125000,1.8296250000,1.2727500000,-0.0001875000
1043.2470650673,2.0338125000,1.8288750000,1.2723750000,-0.0003750000
1043.9060828686,2.0334375000,1.8283125000,1.2720000000,-0.0001875000
1044.5674409866,2.0334375000,1.8273750000,1.2714375000,-0.0001875000
1045.2297637463,2.0332500000,1.8268125000,1.2710625000,-0.0003750000
1045.8904514313,2.0328750000,1.8262500000,1.2706875000,-0.0003750000
1046.5511136055,2.0326875000,1.8256875000,1.2699375000,-0.0003750000
1047.2120652199,2.0326875000,1.8249375000,1.2695625000,-0.0003750000
1047.9173741341,2.0325000000,1.8243750000,1.2691875000,-0.0001875000
1048.5866632462,2.0325000000,1.8236250000,1.2686250000,-0.0001875000
1049.2516784668,2.0319375000,1.8228750000,1.2684375000,-0.0003750000
1049.9225339890,2.0321250000,1.8221250000,1.2678750000,-0.0003750000
1050.5844602585,2.0319375000,1.8217500000,1.2673125000,-0.0001875000
1051.2511780262,2.0317500000,1.8211875000,1.2667500000,-0.0003750000
1051.9167840481,2.0315625000,1.8204375000,1.2665625000,-0.0001875000
1052.5816032887,2.0313750000,1.8196875000,1.2661875000,-0.0001875000
1053.2460935116,2.0311875000,1.8191250000,1.2654375000,0.0000000000
1053.9124672413,2.0311875000,1.8183750000,1.2652500000,-0.0001875000
1054.5795166492,2.0308125000,1.8176250000,1.2645000000,-0.0003750000
1055.2458229065,2.0308125000,1.8172500000,1.2645000000,-0.0001875000
1055.9178638458,2.0306250000,1.8165000000,1.2639375000,0.0000000000
1056.5819408894,2.0304375000,1.8157500000,1.2633750000,0.0000000000
1057.2492489815,2.0304375000,1.8151875000,1.2628125000,-0.0001875000
1057.9160845280,2.0300625000,1.8146250000,1.2628125000,-0.0001875000
1058.5827443600,2.0300625000,1.8140625000,1.2620625000,0.0001875000
1059.2486073971,2.0298750000,1.8133125000,1.2618750000,-0.0003750000
1059.9134855270,2.0298750000,1.8127500000,1.2613125000,-0.0001875000
1060.5826542377,2.0296875000,1.8121875000,1.2607500000,-0.0003750000
1061.2533204556,2.0296875000,1.8114375000,1.2603750000,-0.0001875000
1061.9202911854,2.0295000000,1.8108750000,1.2601875000,0.0000000000
1062.5872402191,2.0293125000,1.8103125000,1.2594375000,0.0000000000
1063.2554814816,2.0293125000,1.8097500000,1.2592500000,-0.0003750000
1063.9237525463,2.0291250000,1.8091875000,1.2588750000,-0.0001875000
1064.5956778526,2.0289375000,1.8084375000,1.2585000000,-0.0003750000
1065.2487220764,2.0289375000,1.8076875000,1.2579375000,-0.0003750000
1065.9150352478,2.0287500000,1.8071250000,1.2571875000,-0.0001875000
1066.5815315247,2.0287500000,1.8065625000,1.2571875000,-0.0003750000
1067.3480923176,2.0285625000,1.8058125000,1.2568125000,-0.0001875000
1068.0796849728,2.0283750000,1.8050625000,1.2562500000,0.0000000000
1068.7876799107,2.0283750000,1.8045000000,1.2556875000,-0.0003750000
1069.4757461548,2.0280000000,1.8037500000,1.2551250000,0.0000000000
1070.2005867958,2.0281875000,1.8033750000,1.2547500000,-0.0003750000
1070.9568629265,2.0280000000,1.8024375000,1.2547500000,-0.0001875000
1071.6648743153,2.0280000000,1.8020625000,1.2540000000,-0.0001875000
1072.3149547577,2.0280000000,1.8013125000,1.2536250000,-0.0001875000
1073.0063512325,2.0278125000,1.8007500000,1.2534375000,-0.0003750000
1073.7758369446,2.0276250000,1.8000000000,1.2530625000,0.0000000000
1074.5076615810,2.0274375000,1.7994375000,1.2526875000,-0.0003750000
1075.2171981335,2.0276250000,1.7986875000,1.2519375000,-0.0003750000
1075.8715612888,2.0276250000,1.7981250000,1.2513750000,-0.0003750000
1076.5955200195,2.0274375000,1.7977500000,1.2510000000,-0.0001875000
1077.3524599075,2.0272500000,1.7968125000,1.2506250000,-0.0001875000
1078.0650348663,2.0270625000,1.7962500000,1.2502500000,-0.0001875000
1078.7642784119,2.0270625000,1.7955000000,1.2496875000,-0.0003750000
1079.4593713284,2.0268750000,1.7949375000,1.2495000000,-0.0003750000
1080.2234027386,2.0268750000,1.7943750000,1.2489375000,-0.0005625000
1080.9555575848,2.0268750000,1.7936250000,1.2485625000,-0.0003750000
1081.6666765213,2.0268750000,1.7932500000,1.2483750000,-0.0001875000
1082.3608331680,2.0266875000,1.7923125000,1.2480000000,-0.0003750000
1083.0984055996,2.0266875000,1.7919375000,1.2474375000,-0.0001875000
1083.8577630520,2.0265000000,1.7910000000,1.2472500000,-0.0005625000
1084.5699312687,2.0265000000,1.7908125000,1.2463125000,0.0000000000
1085.2318012714,2.0265000000,1.7902500000,1.2465000000,-0.0001875000
1085.9318079948,2.0263125000,1.7893125000,1.2459375000,0.0000000000
1086.6948041916,2.0263125000,1.7887500000,1.2451875000,-0.0003750000
1087.4266695976,2.0263125000,1.7880000000,1.2448125000,-0.0001875000
1088.1391913891,2.0263125000,1.7876250000,1.2446250000,-0.0007500000
1088.8343756199,2.0263125000,1.7868750000,1.2444375000,0.0000000000
1089.5323741436,2.0263125000,1.7863125000,1.2438750000,0.0000000000
1090.2924005985,2.0261250000,1.7857500000,1.2436875000,0.0000000000
1091.0079989433,2.0259375000,1.7851875000,1.2435000000,-0.0003750000
1091.7087638378,2.0259375000,1.7846250000,1.2427500000,0.0000000000
1092.4120788574,2.0259375000,1.7838750000,1.2421875000,0.0000000000
1093.1790571213,2.0257500000,1.7831250000,1.2421875000,0.0001875000
1093.9050414562,2.0257500000,1.7825625000,1.2414375000,-0.0003750000
1094.6167690754,2.0259375000,1.7821875000,1.2412500000,-0.0003750000
1095.3127267361,2.0257500000,1.7814375000,1.2408750000,-0.0003750000
1096.0638892651,2.0257500000,1.7808750000,1.2405000000,-0.0001875000
1096.8155529499,2.0255625000,1.7803125000,1.2399375000,0.0000000000
1097.5466845036,2.0255625000,1.7795625000,1.2399375000,0.0001875000
1098.2606041431,2.0257500000,1.7791875000,1.2393750000,-0.0005625000
1098.9820756912,2.0255625000,1.7784375000,1.2388125000,-0.0003750000
1099.8819689751,2.0255625000,1.7776875000,1.2384375000,-0.0001875000
1100.6162176132,2.0253750000,1.7771250000,1.2384375000,-0.0001875000
1101.3247866631,2.0251875000,1.7765625000,1.2376875000,0.0000000000
1102.0309875011,2.0253750000,1.7760000000,1.2375000000,-0.0001875000
1102.8003923893,2.0253750000,1.7754375000,1.2367500000,-0.0001875000
1103.5308532715,2.0251875000,1.7746875000,1.2367500000,0.0000000000
1104.2357120514,2.0251875000,1.7741250000,1.2363750000,-0.0003750000
1104.9417893887,2.0251875000,1.7737500000,1.2361875000,0.0000000000
1105.6959702969,2.0253750000,1.7730000000,1.2358125000,-0.0001875000
1106.4515988827,2.0253750000,1.7724375000,1.2350625000,-0.0001875000
1107.1721520424,2.0251875000,1.7720625000,1.2348750000,-0.0003750000
1107.8748006821,2.0251875000,1.7713125000,1.2345000000,-0.0003750000
1108.5966687202,2.0250000000,1.7707500000,1.2341250000,-0.0003750000
1109.3693575859,2.0253750000,1.7701875000,1.2335625000,0.0000000000
1110.0916204453,2.0253750000,1.7700000000,1.2333750000,-0.0003750000
1110.8039913177,2.0251875000,1.7692500000,1.2331875000,-0.0001875000
1111.5087058544,2.0250000000,1.7686875000,1.2328125000,-0.0001875000
1112.2355258465,2.0251875000,1.7679375000,1.2322500000,-0.0001875000
1112.9841973782,2.0251875000,1.7673750000,1.2320625000,-0.0001875000
1113.7047493458,2.0251875000,1.7668125000,1.2316875000,-0.0001875000
1114.4073667526,2.0251875000,1.7662500000,1.2313125000,0.0000000000
1115.1434674263,2.0250000000,1.7656875000,1.2309375000,0.0003750000
1115.9140276909,2.0248125000,1.7651250000,1.2307500000,-0.0001875000
1116.6370410919,2.0250000000,1.7647500000,1.2301875000,0.0000000000
1117.3466317654,2.0248125000,1.7638125000,1.2301875000,-0.0001875000
1118.0250031948,2.0250000000,1.7638125000,1.2298125000,-0.0001875000
1118.8022816181,2.0250000000,1.7630625000,1.2292500000,-0.0001875000
1119.5428628922,2.0250000000,1.7623125000,1.2288750000,-0.0001875000
1120.2665805817,2.0248125000,1.7617500000,1.2286875000,-0.0001875000
1120.9766974449,2.0248125000,1.7611875000,1.2285000000,-0.0001875000
1121.7387883663,2.0250000000,1.7608125000,1.2279375000,-0.0001875000
1122.4996142387,2.0246250000,1.7602500000,1.2275625000,0.0000000000
1123.2253355980,2.0248125000,1.7595000000,1.2273750000,-0.0003750000
1123.9331047535,2.0246250000,1.7591250000,1.2271875000,0.0000000000
1124.6606357098,2.0246250000,1.7585625000,1.2266250000,-0.0001875000
1125.4416105747,2.0248125000,1.7578125000,1.2264375000,-0.0001875000
1126.1706428528,2.0248125000,1.7572500000,1.2260625000,-0.0001875000
1126.8892948627,2.0246250000,1.7570625000,1.2258750000,0.0000000000
1127.5981328487,2.0248125000,1.7563125000,1.2253125000,-0.0003750000
1128.3784031868,2.0248125000,1.7557500000,1.2251250000,-0.0003750000
1129.1260995865,2.0246250000,1.7550000000,1.2251250000,0.0000000000
1129.8519358635,2.0248125000,1.7546250000,1.2243750000,-0.0003750000
1130.5611872673,2.0248125000,1.7540625000,1.2240000000,-0.0003750000
1131.3175821304,2.0248125000,1.7536875000,1.2236250000,-0.0001875000
1132.0881254673,2.0250000000,1.7529375000,1.2234375000,-0.0001875000
1132.8192496300,2.0246250000,1.7523750000,1.2232500000,-0.0001875000
1133.5305206776,2.0248125000,1.7520000000,1.2230625000,-0.0005625000
1134.2591471672,2.0244375000,1.7516250000,1.2225000000,-0.0001875000
1135.0450696945,2.0246250000,1.7508750000,1.2223125000,-0.0001875000
1135.7749843597,2.0248125000,1.7503125000,1.2219375000,-0.0001875000
1136.4977228642,2.0244375000,1.7497500000,1.2215625000,-0.0003750000
1137.2078480721,2.0244375000,1.7493750000,1.2213750000,-0.0001875000
1137.9899680614,2.0246250000,1.7488125000,1.2208125000,0.0000000000
1138.7425715923,2.0248125000,1.7482500000,1.2208125000,-0.0001875000
1139.4721310139,2.0244375000,1.7476875000,1.2202500000,-0.0005625000
1140.1852409840,2.0246250000,1.7473125000,1.2198750000,-0.0001875000
1140.9452071190,2.0248125000,1.7465625000,1.2195000000,0.0000000000
1141.7168877125,2.0246250000,1.7461875000,1.2191250000,0.0000000000
1142.4094698429,2.0246250000,1.7456250000,1.2191250000,-0.0001875000
1143.1247975826,2.0244375000,1.7452500000,1.2187500000,-0.0001875000
1143.8508000374,2.0244375000,1.7448750000,1.2183750000,0.0000000000
1144.6381576061,2.0244375000,1.7441250000,1.2181875000,-0.0003750000
1145.3744535446,2.0246250000,1.7437500000,1.2181875000,0.0000000000
1146.1002552509,2.0244375000,1.7431875000,1.2176250000,0.0000000000
1146.8146424294,2.0244375000,1.7428125000,1.2174375000,-0.0001875000
1147.5997531414,2.0246250000,1.7418750000,1.2170625000,-0.0001875000
1148.3159315586,2.0246250000,1.7416875000,1.2168750000,0.0000000000
1149.0478768349,2.0246250000,1.7411250000,1.2165000000,0.0000000000
1149.7620496750,2.0244375000,1.7407500000,1.2163125000,0.0000000000
1150.5190038681,2.0246250000,1.7401875000,1.2159375000,-0.0003750000
1151.3000378609,2.0246250000,1.7398125000,1.2157500000,-0.0001875000
1152.0340526104,2.0246250000,1.7390625000,1.2155625000,-0.0005625000
1152.7530937195,2.0246250000,1.7386875000,1.2153750000,0.0000000000
1153.4815835953,2.0244375000,1.7381250000,1.2150000000,0.0000000000
1154.2231783867,2.0248125000,1.7377500000,1.2146250000,0.0000000000
1154.9675767422,2.0244375000,1.7370000000,1.2144375000,0.0000000000
1155.6970705986,2.0246250000,1.7368125000,1.2138750000,0.0000000000
1156.4138469696,2.0244375000,1.7362500000,1.2136875000,-0.0001875000
1157.2025289536,2.0246250000,1.7356875000,1.2135000000,-0.0003750000
1157.9639179707,2.0244375000,1.7351250000,1.2131250000,-0.0007500000
1158.6979243755,2.0244375000,1.7345625000,1.2127500000,0.0000000000
1159.4160943031,2.0244375000,1.7341875000,1.2125625000,0.0000000000
1160.1776022911,2.0246250000,1.7338125000,1.2123750000,-0.0001875000
1160.9590659142,2.0246250000,1.7334375000,1.2120000000,-0.0001875000
1161.6553566456,2.0246250000,1.7328750000,1.2118125000,-0.0001875000
1162.3778240681,2.0246250000,1.7325000000,1.2114375000,0.0000000000
1163.1086523533,2.0244375000,1.7319375000,1.2110625000,-0.0005625000
1163.9008297920,2.0246250000,1.7313750000,1.2110625000,0.0000000000
1164.6428439617,2.0246250000,1.7310000000,1.2106875000,-0.0001875000
1165.3484711647,2.0246250000,1.7304375000,1.2101250000,0.0001875000
1166.0670006275,2.0250000000,1.7300625000,1.2101250000,-0.0001875000
1166.8574099541,2.0246250000,1.7293125000,1.2099375000,-0.0001875000
1167.6237652302,2.0248125000,1.7289375000,1.2093750000,-0.0003750000
1168.3663699627,2.0246250000,1.7283750000,1.2091875000,-0.0003750000
1169.0875864029,2.0246250000,1.7281875000,1.2091875000,0.0001875000
1169.8663146496,2.0248125000,1.7276250000,1.2090000000,-0.0003750000
1170.6497225761,2.0246250000,1.7268750000,1.2086250000,-0.0005625000
1171.3927023411,2.0246250000,1.7266875000,1.2082500000,-0.0001875000
1172.1139464378,2.0246250000,1.7261250000,1.2080625000,-0.0001875000
1172.8631639481,2.0246250000,1.7257500000,1.2076875000,-0.0003750000
1173.6530749798,2.0250000000,1.7250000000,1.2076875000,-0.0001875000
1174.3941228390,2.0250000000,1.7248125000,1.2071250000,-0.0007500000
1175.1039319038,2.0246250000,1.7242500000,1.2069375000,0.0000000000
1175.8180584908,2.0248125000,1.7238750000,1.2069375000,0.0000000000
1176.5964839458,2.0248125000,1.7235000000,1.2063750000,-0.0001875000
1177.3412289619,2.0246250000,1.7229375000,1.2061875000,-0.0003750000
1178.0668206215,2.0248125000,1.7223750000,1.2060000000,-0.0003750000
1178.7754004002,2.0250000000,1.7220000000,1.2058125000,-0.0003750000
1179.5387432575,2.0248125000,1.7214375000,1.2056250000,-0.0001875000
1180.3059496880,2.0246250000,1.7210625000,1.2050625000,-0.0001875000
1181.0451781750,2.0246250000,1.7206875000,1.2050625000,0.0000000000
1181.7645878792,2.0248125000,1.7201250000,1.2048750000,-0.0001875000
1182.5053570271,2.0248125000,1.7197500000,1.2043125000,-0.0001875000
1183.2255971432,2.0250000000,1.7193750000,1.2043125000,-0.0001875000
1183.9243228436,2.0250000000,1.7188125000,1.2043125000,0.0000000000
1184.6218750477,2.0250000000,1.7186250000,1.2039375000,-0.0001875000
1185.3189628124,2.0250000000,1.7180625000,1.2037500000,-0.0001875000
1186.0176215172,2.0248125000,1.7176875000,1.2035625000,-0.0001875000
1186.7170650959,2.0250000000,1.7169375000,1.2033750000,-0.0003750000
1187.4156341553,2.0248125000,1.7167500000,1.2030000000,-0.0001875000
1188.1143994331,2.0250000000,1.7165625000,1.2026250000,-0.0003750000
1188.8121726513,2.0250000000,1.7158125000,1.2026250000,-0.0001875000
1189.5133614540,2.0250000000,1.7152500000,1.2020625000,-0.0001875000
1190.2110495567,2.0250000000,1.7152500000,1.2020625000,0.0000000000
1190.9087786674,2.0250000000,1.7146875000,1.2020625000,-0.0003750000
1191.6052386761,2.0250000000,1.7146875000,1.2018750000,-0.0003750000
1192.3062081337,2.0250000000,1.7139375000,1.2016875000,0.0000000000
1193.0076351166,2.0250000000,1.7131875000,1.2013125000,-0.0001875000
1193.7070264816,2.0250000000,1.7130000000,1.2013125000,-0.0001875000
1194.4056241512,2.0250000000,1.7128125000,1.2011250000,-0.0003750000
1195.1057558060,2.0250000000,1.7120625000,1.2009375000,-0.0003750000
1195.8068521023,2.0251875000,1.7118750000,1.2003750000,-0.0003750000
1196.5085163116,2.0250000000,1.7113125000,1.2003750000,-0.0001875000
1197.2090287209,2.0250000000,1.7111250000,1.1998125000,-0.0001875000
1197.9088871479,2.0251875000,1.7105625000,1.1998125000,-0.0005625000
1198.6116805077,2.0251875000,1.7101875000,1.1996250000,-0.0001875000
1199.3142375946,2.0251875000,1.7098125000,1.1994375000,-0.0001875000
1200.0155496597,2.0251875000,1.7094375000,1.1990625000,-0.0003750000
1200.7164103985,2.0250000000,1.7090625000,1.1988750000,-0.0003750000
1201.4168996811,2.0251875000,1.7085000000,1.1988750000,-0.0001875000
1202.1190631390,2.0251875000,1.7081250000,1.1985000000,-0.0001875000
1202.8240494728,2.0251875000,1.7079375000,1.1981250000,-0.0001875000
1203.5259771347,2.0251875000,1.7073750000,1.1981250000,-0.0003750000
1204.2267839909,2.0251875000,1.7070000000,1.1979375000,-0.0003750000
1204.9307544231,2.0251875000,1.7066250000,1.1975625000,-0.0001875000
1205.6353828907,2.0253750000,1.7060625000,1.1975625000,-0.0003750000
1206.3369488716,2.0251875000,1.7058750000,1.1973750000,-0.0001875000
1207.0415418148,2.0253750000,1.7055000000,1.1971875000,-0.0003750000
1207.7456169128,2.0253750000,1.7049375000,1.1970000000,0.0000000000
1208.4500691891,2.0253750000,1.7047500000,1.1968125000,-0.0003750000
1209.1553649902,2.0251875000,1.7043750000,1.1964375000,-0.0001875000
1209.8590345383,2.0255625000,1.7038125000,1.1962500000,-0.0001875000
1210.5607659817,2.0255625000,1.7032500000,1.1960625000,-0.0001875000
1211.2650716305,2.0253750000,1.7030625000,1.1960625000,-0.0003750000
1211.9688088894,2.0253750000,1.7026875000,1.1956875000,-0.0001875000
1212.6752905846,2.0255625000,1.7021250000,1.1953125000,0.0000000000
1213.3816463947,2.0255625000,1.7017500000,1.1951250000,0.0000000000
1214.0838079453,2.0253750000,1.7013750000,1.1951250000,0.0000000000
1214.7913105488,2.0253750000,1.7011875000,1.1951250000,-0.0003750000
1215.5898060799,2.0253750000,1.7006250000,1.1945625000,0.0000000000
1216.3372809887,2.0253750000,1.7004375000,1.1945625000,-0.0001875000
1217.0686540604,2.0253750000,1.6996875000,1.1943750000,-0.0003750000
1217.8260519505,2.0255625000,1.6998750000,1.1940000000,0.0000000000
1218.6206762791,2.0255625000,1.6989375000,1.1938125000,-0.0001875000
1219.3673329353,2.0253750000,1.6985625000,1.1940000000,-0.0003750000
1220.0950622559,2.0255625000,1.6983750000,1.1934375000,-0.0003750000
1220.7999405861,2.0255625000,1.6981875000,1.1932500000,0.0000000000
1221.5116009712,2.0255625000,1.6976250000,1.1930625000,-0.0001875000
1222.2202939987,2.0253750000,1.6974375000,1.1930625000,-0.0003750000
1222.9698147774,2.0257500000,1.6970625000,1.1928750000,-0.0001875000
1223.6761283875,2.0257500000,1.6963125000,1.1928750000,-0.0005625000
1224.3847951889,2.0255625000,1.6961250000,1.1925000000,-0.0001875000
1225.0949473381,2.0255625000,1.6957500000,1.1919375000,-0.0003750000
1225.8027951717,2.0255625000,1.6953750000,1.1919375000,-0.0003750000
1226.5099444389,2.0257500000,1.6951875000,1.1917500000,-0.0001875000
1227.2172935009,2.0257500000,1.6946250000,1.1919375000,-0.0001875000
1227.9270572662,2.0257500000,1.6942500000,1.1915625000,-0.0001875000
1228.6341331005,2.0257500000,1.6938750000,1.1913750000,0.0000000000
1229.3404729366,2.0257500000,1.6933125000,1.1915625000,-0.0001875000
1230.0471470356,2.0257500000,1.6931250000,1.1910000000,-0.0001875000
1230.7543959618,2.0257500000,1.6927500000,1.1908125000,-0.0001875000
1231.4629735947,2.0257500000,1.6923750000,1.1908125000,-0.0003750000
1232.1692984104,2.0255625000,1.6920000000,1.1904375000,-0.0003750000
1232.8779463768,2.0257500000,1.6916250000,1.1900625000,-0.0003750000
1233.5878984928,2.0257500000,1.6914375000,1.1900625000,-0.0003750000
1234.2987372875,2.0259375000,1.6912500000,1.1898750000,-0.0003750000
1235.0116386414,2.0259375000,1.6908750000,1.1898750000,-0.0001875000
1235.7232484818,2.0257500000,1.6903125000,1.1893125000,-0.0003750000
1236.4332535267,2.0257500000,1.6899375000,1.1895000000,-0.0003750000
1237.1473135948,2.0259375000,1.6893750000,1.1889375000,-0.0003750000
1237.8588690758,2.0255625000,1.6891875000,1.1887500000,-0.0003750000
1238.5700306892,2.0259375000,1.6888125000,1.1891250000,-0.0003750000
1239.2823235989,2.0257500000,1.6886250000,1.1889375000,0.0000000000
1240.0068850517,2.0257500000,1.6882500000,1.1885625000,-0.0003750000
1240.8788163662,2.0259375000,1.6878750000,1.1881875000,-0.0001875000
1241.6702966690,2.0259375000,1.6873125000,1.1881875000,-0.0001875000
1242.4167315960,2.0257500000,1.6869375000,1.1880000000,-0.0003750000
1243.1490910053,2.0259375000,1.6865625000,1.1878125000,0.0000000000
1244.0288078785,2.0259375000,1.6861875000,1.1876250000,-0.0001875000
1244.8285400867,2.0259375000,1.6860000000,1.1872500000,-0.0003750000
1245.6182599068,2.0259375000,1.6854375000,1.1872500000,-0.0003750000
1246.3521161079,2.0259375000,1.6850625000,1.1868750000,-0.0003750000
1247.1616294384,2.0259375000,1.6846875000,1.1866875000,0.0000000000
1247.9356868267,2.0261250000,1.6843125000,1.1866875000,0.0000000000
1248.6841921806,2.0261250000,1.6841250000,1.1865000000,-0.0001875000
1249.4190096855,2.0259375000,1.6835625000,1.1861250000,-0.0003750000
1250.2053325176,2.0257500000,1.6833750000,1.1861250000,-0.0001875000
1250.9916975498,2.0259375000,1.6828125000,1.1861250000,-0.0003750000
1251.7421848774,2.0261250000,1.6826250000,1.1861250000,0.0000000000
1252.4757409096,2.0259375000,1.6820625000,1.1855625000,-0.0001875000
1253.2376253605,2.0259375000,1.6816875000,1.1853750000,-0.0001875000
1254.0266914368,2.0259375000,1.6815000000,1.1850000000,0.0000000000
1254.7758612633,2.0259375000,1.6809375000,1.1851875000,0.0000000000
1255.5123322010,2.0259375000,1.6805625000,1.1850000000,-0.0003750000
1256.2637495995,2.0261250000,1.6801875000,1.1850000000,-0.0001875000
1257.0724828243,2.0261250000,1.6800000000,1.1842500000,-0.0005625000
1257.8243439198,2.0259375000,1.6796250000,1.1844375000,-0.0003750000
1258.5646286011,2.0259375000,1.6794375000,1.1844375000,-0.0001875000
1259.3028712273,2.0259375000,1.6790625000,1.1842500000,-0.0001875000
1260.1116704941,2.0261250000,1.6788750000,1.1838750000,-0.0003750000
1260.8750240803,2.0261250000,1.6783125000,1.1836875000,-0.0001875000
1261.6237337589,2.0261250000,1.6775625000,1.1836875000,-0.0003750000
1262.3548970222,2.0261250000,1.6773750000,1.1833125000,-0.0003750000
1263.1554498672,2.0261250000,1.6771875000,1.1835000000,-0.0003750000
1263.9328997135,2.0263125000,1.6768125000,1.1831250000,0.0000000000
1264.6852502823,2.0261250000,1.6764375000,1.1829375000,-0.0003750000
1265.4174005985,2.0261250000,1.6762500000,1.1829375000,0.0000000000
1266.1997971535,2.0259375000,1.6756875000,1.1827500000,0.0000000000
1266.9870343208,2.0263125000,1.6755000000,1.1827500000,-0.0003750000
1267.7408366203,2.0263125000,1.6749375000,1.1823750000,-0.0003750000
1268.4747109413,2.0261250000,1.6747500000,1.1823750000,-0.0005625000
1269.2414443493,2.0263125000,1.6747500000,1.1823750000,0.0000000000
1270.0459203720,2.0259375000,1.6740000000,1.1818125000,-0.0005625000
1270.7770195007,2.0263125000,1.6738125000,1.1814375000,0.0000000000
1271.4963169098,2.0265000000,1.6732500000,1.1818125000,-0.0001875000
1272.2141141891,2.0261250000,1.6732500000,1.1814375000,-0.0001875000
1272.9367249012,2.0263125000,1.6728750000,1.1812500000,-0.0001875000
1273.6556704044,2.0263125000,1.6725000000,1.1810625000,-0.0001875000
1274.3748204708,2.0263125000,1.6723125000,1.1812500000,-0.0003750000
1275.0937809944,2.0263125000,1.6715625000,1.1806875000,-0.0001875000
1275.8129637241,2.0263125000,1.6715625000,1.1806875000,0.0000000000
1276.5347640514,2.0263125000,1.6713750000,1.1806875000,0.0000000000
1277.2546355724,2.0265000000,1.6708125000,1.1805000000,0.0000000000
1277.9751551151,2.0265000000,1.6706250000,1.1805000000,0.0000000000
1278.6944921017,2.0265000000,1.6702500000,1.1801250000,-0.0001875000
1279.4175119400,2.0263125000,1.6698750000,1.1799375000,-0.0001875000
1280.1383376122,2.0265000000,1.6696875000,1.1799375000,-0.0001875000
1280.8591730595,2.0263125000,1.6693125000,1.1795625000,0.0001875000
1281.5804650784,2.0263125000,1.6695000000,1.1797500000,0.0000000000
1282.3037092686,2.0263125000,1.6687500000,1.1795625000,0.0000000000
1283.0273375511,2.0265000000,1.6685625000,1.1791875000,-0.0001875000
1283.7507812977,2.0263125000,1.6681875000,1.1793750000,-0.0003750000
1284.4732851982,2.0263125000,1.6680000000,1.1790000000,-0.0003750000
1285.1975791454,2.0263125000,1.6676250000,1.1790000000,-0.0001875000
1285.9325466156,2.0263125000,1.6672500000,1.1786250000,-0.0001875000
1286.7063143253,2.0263125000,1.6668750000,1.1784375000,-0.0001875000
1287.4591383934,2.0263125000,1.6665000000,1.1786250000,-0.0001875000
1288.2055158615,2.0265000000,1.6663125000,1.1782500000,-0.0001875000
1289.0188512802,2.0263125000,1.6659375000,1.1784375000,0.0000000000
1289.7903156281,2.0263125000,1.6655625000,1.1782500000,-0.0005625000
1290.5428326130,2.0265000000,1.6653750000,1.1780625000,0.0000000000
1291.2823176384,2.0263125000,1.6648125000,1.1776875000,-0.0001875000
1292.0945396423,2.0265000000,1.6648125000,1.1775000000,-0.0003750000
1292.8780803680,2.0265000000,1.6646250000,1.1775000000,-0.0001875000
1293.6389880180,2.0263125000,1.6640625000,1.1773125000,-0.0005625000
1294.3811440468,2.0265000000,1.6638750000,1.1769375000,-0.0001875000
1295.1795437336,2.0263125000,1.6635000000,1.1769375000,0.0000000000
1295.9732034206,2.0265000000,1.6631250000,1.1767500000,-0.0001875000
1296.7366287708,2.0265000000,1.6627500000,1.1767500000,0.0000000000
1297.4849464893,2.0265000000,1.6625625000,1.1765625000,-0.0001875000
1298.2835321426,2.0265000000,1.6621875000,1.1765625000,-0.0003750000
1299.0922353268,2.0265000000,1.6618125000,1.1763750000,-0.0001875000
1299.8554055691,2.0265000000,1.6616250000,1.1763750000,0.0000000000
1300.6027653217,2.0266875000,1.6612500000,1.1760000000,-0.0001875000
1301.3437476158,2.0265000000,1.6612500000,1.1761875000,-0.0003750000
1302.0994229317,2.0265000000,1.6610625000,1.1758125000,-0.0003750000
1302.8408293724,2.0266875000,1.6603125000,1.1756250000,-0.0003750000
1303.5704116821,2.0265000000,1.6601250000,1.1756250000,0.0000000000
1304.3001477718,2.0263125000,1.6601250000,1.1754375000,-0.0001875000
1305.1160356998,2.0266875000,1.6595625000,1.1754375000,-0.0001875000
1305.8908743858,2.0265000000,1.6591875000,1.1752500000,-0.0001875000
1306.6506652832,2.0266875000,1.6590000000,1.1752500000,-0.0001875000
1307.3954577446,2.0266875000,1.6590000000,1.1748750000,-0.0003750000
1308.2167522907,2.0268750000,1.6582500000,1.1748750000,0.0001875000
1309.0016832352,2.0265000000,1.6580625000,1.1746875000,-0.0005625000
1309.7655038834,2.0266875000,1.6576875000,1.1746875000,0.0000000000
1310.5099923611,2.0263125000,1.6575000000,1.1743125000,-0.0001875000
1311.3374190331,2.0265000000,1.6571250000,1.1745000000,-0.0001875000
1312.1304986477,2.0266875000,1.6569375000,1.1743125000,-0.0001875000
1312.8974883556,2.0263125000,1.6563750000,1.1739375000,-0.0003750000
1313.6268541813,2.0265000000,1.6561875000,1.1739375000,-0.0001875000
1314.3597686291,2.0265000000,1.6560000000,1.1739375000,-0.0005625000
1315.0949141979,2.0263125000,1.6558125000,1.1737500000,-0.0001875000
1315.8250758648,2.0266875000,1.6554375000,1.1737500000,0.0000000000
1316.5528554916,2.0266875000,1.6552500000,1.1733750000,-0.0001875000
1317.2819485664,2.0266875000,1.6548750000,1.1731875000,-0.0001875000
1318.0188045502,2.0266875000,1.6546875000,1.1733750000,0.0000000000
1318.7494544983,2.0266875000,1.6545000000,1.1731875000,-0.0001875000
1319.4785470963,2.0265000000,1.6541250000,1.1731875000,0.0000000000
1320.2073252201,2.0266875000,1.6537500000,1.1731875000,0.0000000000
1320.9437208176,2.0266875000,1.6537500000,1.1730000000,0.0000000000
1321.7317883968,2.0266875000,1.6533750000,1.1728125000,0.0000000000
1322.4574100971,2.0265000000,1.6530000000,1.1726250000,-0.0001875000
1323.1830055714,2.0266875000,1.6528125000,1.1726250000,0.0000000000
1323.9104566574,2.0266875000,1.6524375000,1.1724375000,-0.0001875000
1324.6473846436,2.0266875000,1.6522500000,1.1724375000,-0.0005625000
1325.3732585907,2.0266875000,1.6522500000,1.1722500000,-0.0005625000
1326.1005046368,2.0265000000,1.6515000000,1.1720625000,-0.0003750000
1326.8274357319,2.0265000000,1.6515000000,1.1720625000,-0.0001875000
1327.5607337952,2.0266875000,1.6513125000,1.1715000000,-0.0001875000
1328.2901573181,2.0266875000,1.6507500000,1.1718750000,-0.0001875000
1329.0166902542,2.0265000000,1.6507500000,1.1718750000,-0.0003750000
1329.7446501255,2.0265000000,1.6503750000,1.1715000000,-0.0007500000
1330.4739277363,2.0266875000,1.6500000000,1.1713125000,-0.0005625000
1331.2050035000,2.0265000000,1.6500000000,1.1711250000,-0.0001875000
1331.9351270199,2.0266875000,1.6494375000,1.1711250000,-0.0001875000
1332.6640169621,2.0266875000,1.6494375000,1.1711250000,-0.0001875000
1333.3941252232,2.0266875000,1.6490625000,1.1709375000,-0.0001875000
1334.1287395954,2.0266875000,1.6488750000,1.1707500000,-0.0003750000
1334.8595273495,2.0266875000,1.6485000000,1.1705625000,0.0001875000
1335.5897636414,2.0266875000,1.6485000000,1.1703750000,0.0000000000
1336.3199095726,2.0266875000,1.6481250000,1.1703750000,-0.0001875000
1337.0542569160,2.0266875000,1.6479375000,1.1705625000,-0.0001875000
1337.7853631973,2.0266875000,1.6477500000,1.1701875000,0.0001875000
1338.5157725811,2.0268750000,1.6473750000,1.1701875000,-0.0003750000
1339.2451035976,2.0266875000,1.6470000000,1.1701875000,0.0000000000
1339.9780592918,2.0268750000,1.6470000000,1.1700000000,-0.0005625000
1340.7120730877,2.0266875000,1.6464375000,1.1698125000,0.0000000000
1341.4437682629,2.0268750000,1.6466250000,1.1700000000,-0.0001875000
1342.1754682064,2.0268750000,1.6464375000,1.1696250000,-0.0001875000
1342.9078361988,2.0266875000,1.6458750000,1.1694375000,-0.0003750000
1343.6420321465,2.0268750000,1.6458750000,1.1696250000,-0.0003750000
1344.3765726089,2.0270625000,1.6455000000,1.1694375000,-0.0001875000
1345.1092369556,2.0265000000,1.6453125000,1.1692500000,-0.0001875000
1345.8418982029,2.0266875000,1.6449375000,1.1692500000,-0.0001875000
1346.5757098198,2.0266875000,1.6447500000,1.1686875000,-0.0001875000
1347.3122715950,2.0266875000,1.6443750000,1.1690625000,-0.0005625000
1348.0477950573,2.0268750000,1.6443750000,1.1690625000,-0.0001875000
1348.7803130150,2.0268750000,1.6440000000,1.1688750000,-0.0003750000
1349.5150351524,2.0268750000,1.6438125000,1.1685000000,-0.0001875000
1350.2541954517,2.0268750000,1.6436250000,1.1686875000,-0.0005625000
1350.9889271259,2.0266875000,1.6432500000,1.1686875000,-0.0003750000
1351.7245800495,2.0266875000,1.6432500000,1.1685000000,-0.0001875000
1352.4589765072,2.0268750000,1.6430625000,1.1685000000,-0.0003750000
1353.1962630749,2.0266875000,1.6426875000,1.1686875000,-0.0001875000
1353.9320151806,2.0268750000,1.6421250000,1.1683125000,0.0000000000
1354.6673641205,2.0266875000,1.6421250000,1.1681250000,0.0000000000
1355.4023184776,2.0268750000,1.6417500000,1.1679375000,-0.0001875000
1356.1401917934,2.0266875000,1.6415625000,1.1681250000,-0.0003750000
1356.8772518635,2.0270625000,1.6411875000,1.1675625000,-0.0001875000
1357.6134071350,2.0266875000,1.6411875000,1.1675625000,-0.0001875000
1358.3496975899,2.0266875000,1.6411875000,1.1679375000,-0.0007500000
1359.0873281956,2.0268750000,1.6404375000,1.1675625000,-0.0003750000
1359.8269007206,2.0266875000,1.6404375000,1.1673750000,-0.0005625000
1360.5642526150,2.0268750000,1.6400625000,1.1673750000,0.0000000000
1361.3033068180,2.0266875000,1.6402500000,1.1671875000,-0.0001875000
1362.0414824486,2.0266875000,1.6396875000,1.1671875000,-0.0001875000
1362.7809357643,2.0268750000,1.6395000000,1.1670000000,0.0000000000
1363.5201425552,2.0268750000,1.6389375000,1.1666250000,-0.0003750000
1364.2572109699,2.0266875000,1.6391250000,1.1668125000,-0.0001875000
1364.9943156242,2.0268750000,1.6385625000,1.1666250000,-0.0003750000
1365.7336094379,2.0268750000,1.6385625000,1.1668125000,-0.0001875000
1366.4733715057,2.0268750000,1.6383750000,1.1664375000,-0.0003750000
1367.2113420963,2.0268750000,1.6381875000,1.1666250000,-0.0005625000
1367.9486010075,2.0266875000,1.6381875000,1.1666250000,-0.0005625000
1368.6877477169,2.0266875000,1.6380000000,1.1662500000,-0.0003750000
1369.4275040627,2.0268750000,1.6374375000,1.1662500000,-0.0001875000
1370.1657695770,2.0270625000,1.6370625000,1.1662500000,-0.0001875000
1370.9049596786,2.0266875000,1.6372500000,1.1660625000,-0.0001875000
1371.6426749229,2.0266875000,1.6366875000,1.1662500000,-0.0001875000
1372.3823330402,2.0266875000,1.6365000000,1.1660625000,0.0000000000
1373.1210708618,2.0268750000,1.6363125000,1.1660625000,-0.0005625000
1373.8626461029,2.0268750000,1.6359375000,1.1658750000,-0.0001875000
1374.6021592617,2.0266875000,1.6359375000,1.1656875000,0.0000000000
1375.3427402973,2.0268750000,1.6357500000,1.1656875000,-0.0001875000
1376.0852041245,2.0268750000,1.6355625000,1.1655000000,-0.0001875000
1376.8308646679,2.0268750000,1.6353750000,1.1655000000,-0.0001875000
1377.5724759102,2.0268750000,1.6348125000,1.1656875000,-0.0003750000
1378.3136672974,2.0266875000,1.6348125000,1.1653125000,-0.0003750000
1379.0569567680,2.0266875000,1.6346250000,1.1653125000,0.0000000000
1379.7998099327,2.0266875000,1.6342500000,1.1651250000,-0.0003750000
1380.5412039757,2.0266875000,1.6342500000,1.1647500000,-0.0001875000
1381.2829706669,2.0268750000,1.6336875000,1.1647500000,-0.0001875000
1382.0269918442,2.0266875000,1.6336875000,1.1647500000,-0.0001875000
1382.7712337971,2.0268750000,1.6335000000,1.1647500000,-0.0003750000
1383.5140352249,2.0270625000,1.6331250000,1.1647500000,-0.0001875000
1384.2563884258,2.0268750000,1.6329375000,1.1645625000,0.0000000000
1385.0003721714,2.0268750000,1.6329375000,1.1641875000,-0.0001875000
1385.7447431087,2.0268750000,1.6327500000,1.1641875000,-0.0001875000
1386.4899940491,2.0268750000,1.6325625000,1.1643750000,-0.0003750000
1387.2332329750,2.0268750000,1.6323750000,1.1641875000,-0.0001875000
1387.9771308899,2.0268750000,1.6321875000,1.1641875000,-0.0001875000
1388.7240259647,2.0268750000,1.6320000000,1.1641875000,-0.0001875000
1389.4673752785,2.0266875000,1.6312500000,1.1641875000,-0.0001875000
1390.2105348110,2.0268750000,1.6314375000,1.1638125000,-0.0001875000
1390.9560868740,2.0268750000,1.6316250000,1.1640000000,0.0000000000
1391.7033810616,2.0268750000,1.6310625000,1.1638125000,-0.0001875000
1392.4496557713,2.0268750000,1.6308750000,1.1636250000,-0.0003750000
1393.1865649223,2.0268750000,1.6303125000,1.1632500000,-0.0001875000
1393.9181234837,2.0268750000,1.6305000000,1.1636250000,0.0000000000
1394.6554107666,2.0268750000,1.6303125000,1.1634375000,-0.0003750000
1395.3905334473,2.0266875000,1.6299375000,1.1632500000,-0.0003750000
1396.1245784760,2.0266875000,1.6299375000,1.1632500000,-0.0003750000
1396.8591847420,2.0268750000,1.6295625000,1.1632500000,-0.0001875000
1397.5943636894,2.0270625000,1.6295625000,1.1630625000,0.0001875000
1398.3306534290,2.0266875000,1.6291875000,1.1632500000,0.0000000000
1399.0646007061,2.0272500000,1.6290000000,1.1628750000,-0.0001875000
1399.7988243103,2.0268750000,1.6290000000,1.1630625000,-0.0001875000
1400.5491735935,2.0268750000,1.6286250000,1.1628750000,-0.0001875000
1401.4392726421,2.0270625000,1.6282500000,1.1628750000,-0.0001875000
1402.2410719395,2.0270625000,1.6284375000,1.1628750000,-0.0001875000
1402.9931848049,2.0268750000,1.6282500000,1.1626875000,0.0000000000
1403.7458889484,2.0268750000,1.6280625000,1.1628750000,-0.0001875000
1404.4903683662,2.0270625000,1.6276875000,1.1626875000,-0.0001875000
1405.3000121117,2.0268750000,1.6275000000,1.1623125000,-0.0003750000
1406.0502154827,2.0268750000,1.6271250000,1.1623125000,-0.0003750000
1406.8147220612,2.0268750000,1.6269375000,1.1623125000,-0.0001875000
1407.5532200336,2.0270625000,1.6267500000,1.1623125000,-0.0001875000
1408.2921802998,2.0268750000,1.6267500000,1.1619375000,-0.0003750000
1409.0293004513,2.0272500000,1.6263750000,1.1621250000,-0.0003750000
1409.7645213604,2.0270625000,1.6263750000,1.1621250000,-0.0001875000
1410.5035967827,2.0268750000,1.6258125000,1.1619375000,0.0001875000
1411.2418937683,2.0270625000,1.6260000000,1.1619375000,-0.0001875000
1411.9780702591,2.0268750000,1.6256250000,1.1613750000,-0.0003750000
1412.7308216095,2.0268750000,1.6254375000,1.1619375000,-0.0001875000
1413.4908273220,2.0266875000,1.6252500000,1.1617500000,-0.0001875000
1414.2615098953,2.0268750000,1.6252500000,1.1617500000,-0.0001875000
1415.0037138462,2.0268750000,1.6248750000,1.1615625000,-0.0001875000
1415.7438650131,2.0268750000,1.6246875000,1.1613750000,-0.0001875000
1416.4838256836,2.0270625000,1.6246875000,1.1613750000,0.0001875000
1417.2323813438,2.0266875000,1.6243125000,1.1615625000,-0.0003750000
1417.9773514271,2.0266875000,1.6241250000,1.1611875000,0.0001875000
1418.7191219330,2.0270625000,1.6239375000,1.1611875000,-0.0003750000
1419.4786908627,2.0266875000,1.6239375000,1.1610000000,0.0001875000
1420.3306095600,2.0268750000,1.6235625000,1.1611875000,-0.0001875000
1421.1874668598,2.0270625000,1.6233750000,1.1610000000,-0.0001875000
1422.0063266754,2.0268750000,1.6233750000,1.1608125000,-0.0003750000
1422.7682371140,2.0268750000,1.6230000000,1.1606250000,-0.0001875000
1423.5331723690,2.0268750000,1.6228125000,1.1608125000,-0.0001875000
1424.3101811409,2.0268750000,1.6228125000,1.1604375000,-0.0001875000
