2122.4395046234,2.0122500000,1.6125000000,1.1574375000,-0.0001875000
2123.3707690239,2.0122500000,1.6119375000,1.1574375000,-0.0005625000
2124.2508003712,2.0118750000,1.6119375000,1.1572500000,0.0003750000
2125.1220879555,2.0118750000,1.6113750000,1.1574375000,-0.0001875000
2125.9941153526,2.0118750000,1.6113750000,1.1566875000,0.0001875000
2126.8774518967,2.0120625000,1.6111875000,1.1570625000,-0.0001875000
2127.7599217892,2.0118750000,1.6108125000,1.1570625000,-0.0003750000
2128.6276080608,2.0118750000,1.6108125000,1.1566875000,0.0000000000
2129.4953386784,2.0118750000,1.6104375000,1.1566875000,-0.0001875000
2130.3692502975,2.0116875000,1.6102500000,1.1566875000,-0.0001875000
2131.2416079044,2.0118750000,1.6102500000,1.1568750000,-0.0001875000
2132.1120269299,2.0116875000,1.6098750000,1.1563125000,-0.0003750000
2132.9848988056,2.0115000000,1.6098750000,1.1565000000,0.0000000000
2133.8597230911,2.0116875000,1.6093125000,1.1559375000,-0.0001875000
2134.7351105213,2.0116875000,1.6091250000,1.1557500000,-0.0003750000
2135.6052508354,2.0118750000,1.6085625000,1.1553750000,-0.0001875000
2136.4815943241,2.0122500000,1.6087500000,1.1553750000,-0.0003750000
2137.3578438759,2.0126250000,1.6085625000,1.1555625000,-0.0003750000
2138.2300307751,2.0128125000,1.6081875000,1.1551875000,-0.0001875000
2139.1033282280,2.0133750000,1.6083750000,1.1550000000,0.0000000000
2139.9796841145,2.0137500000,1.6081875000,1.1548125000,0.0001875000
2140.8573672771,2.0141250000,1.6078125000,1.1550000000,-0.0005625000
2141.7336585522,2.0143125000,1.6080000000,1.1550000000,-0.0007500000
2142.6144464016,2.0146875000,1.6080000000,1.1550000000,-0.0001875000
2143.4944493771,2.0145000000,1.6076250000,1.1551875000,-0.0005625000
2144.3733656406,2.0137500000,1.6070625000,1.1550000000,-0.0005625000
2145.2514345646,2.0126250000,1.6065000000,1.1546250000,-0.0005625000
2146.1278507710,2.0120625000,1.6051875000,1.1542500000,-0.0001875000
2147.0050530434,2.0111250000,1.6046250000,1.1544375000,-0.0005625000
2147.8796148300,2.0107500000,1.6040625000,1.1540625000,0.0001875000
2148.7547733784,2.0098125000,1.6033125000,1.1542500000,-0.0001875000
2149.6344988346,2.0092500000,1.6029375000,1.1538750000,-0.0001875000
2150.5103454590,2.0090625000,1.6025625000,1.1538750000,0.0001875000
2151.3862726688,2.0088750000,1.6023750000,1.1536875000,0.0001875000
2152.2651400566,2.0081250000,1.6020000000,1.1535000000,-0.0001875000
2153.1457078457,2.0081250000,1.6016250000,1.1535000000,-0.0001875000
2154.0264470577,2.0086875000,1.6020000000,1.1536875000,-0.0005625000
2154.9242992401,2.0088750000,1.6025625000,1.1536875000,0.0001875000
2155.8083965778,2.0098125000,1.6035000000,1.1536875000,-0.0001875000
2156.6896438599,2.0103750000,1.6057500000,1.1544375000,0.0000000000
2157.5721108913,2.0115000000,1.6100625000,1.1555625000,-0.0001875000
2158.4540629387,2.0130000000,1.6160625000,1.1574375000,-0.0003750000
2159.3398723602,2.0146875000,1.6235625000,1.1587500000,-0.0001875000
2160.2246644497,2.0167500000,1.6312500000,1.1608125000,0.0001875000
2161.1064739227,2.0188125000,1.6400625000,1.1626875000,-0.0001875000
2161.9929165840,2.0214375000,1.6488750000,1.1647500000,-0.0001875000
2162.8789827824,2.0238750000,1.6580625000,1.1666250000,0.0000000000
2163.7648630142,2.0261250000,1.6674375000,1.1685000000,0.0000000000
2164.6498770714,2.0287500000,1.6764375000,1.1703750000,-0.0001875000
2165.5382444859,2.0310000000,1.6854375000,1.1726250000,-0.0003750000
2166.4258503914,2.0334375000,1.6944375000,1.1746875000,0.0000000000
2167.3114511967,2.0358750000,1.7028750000,1.1767500000,0.0000000000
2168.2012593746,2.0383125000,1.7111250000,1.1784375000,0.0000000000
2169.0923757553,2.0403750000,1.7193750000,1.1810625000,-0.0005625000
2169.9682972431,2.0430000000,1.7272500000,1.1827500000,-0.0001875000
2170.8446135521,2.0446875000,1.7351250000,1.1851875000,-0.0001875000
2171.7217729092,2.0469375000,1.7420625000,1.1866875000,-0.0005625000
2172.6008088589,2.0495625000,1.7488125000,1.1887500000,-0.0001875000
2173.4778351784,2.0516250000,1.7557500000,1.1906250000,-0.0001875000
2174.3546969891,2.0536875000,1.7626875000,1.1928750000,-0.0003750000
2175.2374532223,2.0557500000,1.7686875000,1.1951250000,-0.0001875000
2176.1169633865,2.0574375000,1.7746875000,1.1970000000,-0.0005625000
2176.9951260090,2.0595000000,1.7805000000,1.1992500000,-0.0003750000
2177.8723440170,2.0611875000,1.7863125000,1.2009375000,-0.0001875000
2178.7545580864,2.0630625000,1.7917500000,1.2030000000,-0.0003750000
2179.6349909306,2.0649375000,1.7968125000,1.2050625000,0.0001875000
2180.5140669346,2.0666250000,1.8022500000,1.2069375000,-0.0001875000
2181.3960802555,2.0683125000,1.8073125000,1.2090000000,-0.0003750000
2182.2795338631,2.0700000000,1.8118125000,1.2106875000,-0.0001875000
2183.1620903015,2.0716875000,1.8166875000,1.2127500000,-0.0003750000
2184.0416595936,2.0733750000,1.8211875000,1.2146250000,-0.0001875000
2184.9252271652,2.0750625000,1.8255000000,1.2166875000,-0.0001875000
2185.8079245090,2.0763750000,1.8298125000,1.2183750000,-0.0001875000
2186.6894938946,2.0778750000,1.8341250000,1.2204375000,-0.0003750000
2187.5740025043,2.0793750000,1.8378750000,1.2219375000,-0.0005625000
2188.4600024223,2.0808750000,1.8418125000,1.2240000000,-0.0003750000
2189.3448550701,2.0821875000,1.8457500000,1.2258750000,0.0000000000
2190.2300000191,2.0835000000,1.8496875000,1.2277500000,0.0001875000
2191.1166775227,2.0848125000,1.8532500000,1.2294375000,-0.0003750000
2192.0028152466,2.0863125000,1.8566250000,1.2313125000,0.0001875000
2192.8877778053,2.0876250000,1.8603750000,1.2331875000,0.0001875000
2193.7733726501,2.0887500000,1.8637500000,1.2348750000,-0.0001875000
2194.6670215130,2.0898750000,1.8667500000,1.2367500000,-0.0001875000
2195.5558173656,2.0910000000,1.8703125000,1.2384375000,0.0000000000
2196.4411795139,2.0921250000,1.8735000000,1.2401250000,-0.0001875000
2197.3291020393,2.0936250000,1.8766875000,1.2420000000,-0.0003750000
2198.2176599503,2.0945625000,1.8796875000,1.2436875000,-0.0001875000
2199.1039803028,2.0955000000,1.8826875000,1.2455625000,-0.0001875000
2199.9880495071,2.0966250000,1.8856875000,1.2472500000,-0.0001875000
2200.8799979687,2.0975625000,1.8890625000,1.2487500000,-0.0003750000
2201.7685697079,2.0986875000,1.8916875000,1.2506250000,-0.0003750000
2202.6559212208,2.0996250000,1.8945000000,1.2523125000,-0.0001875000
2203.5443098545,2.1005625000,1.8971250000,1.2540000000,0.0000000000
2204.4335858822,2.1013125000,1.9001250000,1.2558750000,-0.0003750000
2205.3219394684,2.1024375000,1.9027500000,1.2573750000,-0.0003750000
2206.2086184025,2.1035625000,1.9051875000,1.2590625000,-0.0001875000
2207.0993990898,2.1043125000,1.9081875000,1.2605625000,-0.0005625000
2207.9906356335,2.1050625000,1.9106250000,1.2622500000,-0.0003750000
2208.8788239956,2.1060000000,1.9134375000,1.2635625000,-0.0003750000
2209.7691926956,2.1067500000,1.9160625000,1.2652500000,-0.0003750000
2210.6614899635,2.1075000000,1.9183125000,1.2669375000,0.0000000000
2211.5521676540,2.1080625000,1.9209375000,1.2682500000,-0.0001875000
2212.4422442913,2.1091875000,1.9231875000,1.2699375000,-0.0001875000
2213.3328678608,2.1099375000,1.9254375000,1.2716250000,-0.0001875000
2214.2260837555,2.1105000000,1.9278750000,1.2731250000,0.0001875000
2215.1174411774,2.1114375000,1.9301250000,1.2744375000,0.0000000000
2216.0093290806,2.1120000000,1.9329375000,1.2759375000,0.0001875000
2216.9023957253,2.1125625000,1.9350000000,1.2774375000,-0.0001875000
2217.7961137295,2.1133125000,1.9370625000,1.2791250000,-0.0003750000
2218.6930108070,2.1140625000,1.9396875000,1.2804375000,0.0000000000
2219.5872373581,2.1144375000,1.9417500000,1.2819375000,-0.0003750000
2220.5020465851,2.1153750000,1.9440000000,1.2834375000,0.0000000000
2221.3956668377,2.1157500000,1.9460625000,1.2849375000,-0.0001875000
2222.2887032032,2.1163125000,1.9485000000,1.2866250000,-0.0001875000
2223.1839764118,2.1168750000,1.9503750000,1.2875625000,-0.0003750000
2224.0805048943,2.1174375000,1.9524375000,1.2892500000,0.0001875000
2224.9736309052,2.1181875000,1.9546875000,1.2907500000,-0.0001875000
2225.8670430183,2.1187500000,1.9565625000,1.2920625000,-0.0001875000
2226.7647845745,2.1191250000,1.9586250000,1.2931875000,-0.0001875000
2227.6590631008,2.1196875000,1.9606875000,1.2946875000,0.0001875000
2228.5533430576,2.1204375000,1.9625625000,1.2960000000,-0.0001875000
2229.4516274929,2.1208125000,1.9646250000,1.2976875000,0.0000000000
2230.3490982056,2.1211875000,1.9665000000,1.2984375000,-0.0003750000
2231.2444386482,2.1215625000,1.9685625000,1.2999375000,-0.0001875000
2232.1401755810,2.1219375000,1.9702500000,1.3012500000,-0.0001875000
2233.0406444073,2.1223125000,1.9723125000,1.3025625000,0.0000000000
2233.9395592213,2.1228750000,1.9741875000,1.3040625000,-0.0003750000
2234.8343493938,2.1232500000,1.9760625000,1.3053750000,-0.0001875000
2235.7320842743,2.1236250000,1.9777500000,1.3065000000,0.0000000000
2236.6403257847,2.1238125000,1.9796250000,1.3076250000,-0.0003750000
2237.5388214588,2.1245625000,1.9813125000,1.3093125000,-0.0005625000
2238.4383006096,2.1249375000,1.9831875000,1.3102500000,-0.0001875000
2239.3376522064,2.1251250000,1.9848750000,1.3113750000,-0.0001875000
2240.2361836433,2.1256875000,1.9865625000,1.3125000000,-0.0001875000
2241.1341943741,2.1260625000,1.9882500000,1.3138125000,-0.0001875000
2242.0325520039,2.1262500000,1.9897500000,1.3149375000,0.0000000000
2242.9350101948,2.1266250000,1.9914375000,1.3160625000,-0.0001875000
2243.8337194920,2.1270000000,1.9931250000,1.3173750000,-0.0001875000
2244.7330250740,2.1275625000,1.9944375000,1.3186875000,-0.0001875000
2245.6346645355,2.1275625000,1.9963125000,1.3194375000,-0.0001875000
2246.5305230618,2.1279375000,1.9970625000,1.3207500000,0.0000000000
2247.4256563187,2.1279375000,1.9970625000,1.3213125000,-0.0001875000
2248.3201606274,2.1279375000,1.9957500000,1.3213125000,-0.0001875000
2249.2180333138,2.1273750000,1.9935000000,1.3213125000,0.0000000000
2250.1126859188,2.1264375000,1.9901250000,1.3211250000,-0.0003750000
2251.0368211269,2.1251250000,1.9863750000,1.3213125000,-0.0001875000
2251.9816074371,2.1241875000,1.9820625000,1.3209375000,-0.0001875000
2252.9818930626,2.1226875000,1.9771875000,1.3203750000,0.0000000000
2253.8874852657,2.1215625000,1.9728750000,1.3201875000,-0.0001875000
2254.7863228321,2.1200625000,1.9681875000,1.3194375000,-0.0003750000
2255.6851348877,2.1183750000,1.9636875000,1.3192500000,-0.0003750000
2256.5829277039,2.1170625000,1.9595625000,1.3183125000,-0.0001875000
2257.4814047813,2.1155625000,1.9550625000,1.3177500000,0.0000000000
2258.3826422691,2.1142500000,1.9509375000,1.3170000000,-0.0003750000
2259.2833840847,2.1125625000,1.9468125000,1.3166250000,0.0000000000
2260.1814250946,2.1108750000,1.9425000000,1.3156875000,-0.0001875000
2261.0832943916,2.1093750000,1.9389375000,1.3149375000,-0.0003750000
2261.9835557938,2.1078750000,1.9351875000,1.3143750000,-0.0001875000
2262.8824470043,2.1061875000,1.9314375000,1.3134375000,-0.0001875000
2263.7804703712,2.1046875000,1.9278750000,1.3125000000,-0.0003750000
2264.6798195839,2.1030000000,1.9245000000,1.3117500000,-0.0001875000
2265.5810296535,2.1013125000,1.9211250000,1.3108125000,0.0000000000
2266.4798386097,2.0998125000,1.9179375000,1.3100625000,-0.0001875000
2267.3782010078,2.0983125000,1.9147500000,1.3091250000,-0.0003750000
2268.2819087505,2.0964375000,1.9115625000,1.3083750000,-0.0001875000
2269.1810746193,2.0949375000,1.9089375000,1.3076250000,-0.0001875000
2270.0815067291,2.0936250000,1.9063125000,1.3066875000,-0.0003750000
2270.9824221134,2.0921250000,1.9035000000,1.3057500000,0.0000000000
2271.9934461117,2.0902500000,1.9006875000,1.3050000000,-0.0001875000
2272.9334206581,2.0889375000,1.8978750000,1.3042500000,0.0000000000
2273.8343515396,2.0872500000,1.8956250000,1.3035000000,-0.0003750000
2274.7376735210,2.0859375000,1.8933750000,1.3025625000,-0.0003750000
2275.6404454708,2.0844375000,1.8913125000,1.3020000000,-0.0001875000
2276.5423994064,2.0829375000,1.8888750000,1.3010625000,-0.0001875000
2277.4448225498,2.0816250000,1.8870000000,1.2999375000,-0.0003750000
2278.3497877121,2.0801250000,1.8849375000,1.2993750000,-0.0005625000
2279.2554776669,2.0788125000,1.8828750000,1.2984375000,-0.0001875000
2280.1593375206,2.0776875000,1.8810000000,1.2976875000,0.0000000000
2281.0646903515,2.0763750000,1.8793125000,1.2969375000,-0.0003750000
2281.9700174332,2.0750625000,1.8774375000,1.2960000000,0.0000000000
2282.8986954689,2.0737500000,1.8755625000,1.2952500000,0.0000000000
2283.8412985802,2.0720625000,1.8736875000,1.2946875000,-0.0001875000
2284.8900344372,2.0711250000,1.8720000000,1.2939375000,0.0000000000
2285.8451905251,2.0696250000,1.8701250000,1.2930000000,-0.0003750000
2286.7663905621,2.0685000000,1.8684375000,1.2920625000,0.0000000000
2287.7486274242,2.0671875000,1.8663750000,1.2911250000,0.0001875000
2288.6539134979,2.0660625000,1.8650625000,1.2905625000,-0.0001875000
2289.5592310429,2.0649375000,1.8635625000,1.2894375000,-0.0001875000
2290.4649298191,2.0638125000,1.8620625000,1.2886875000,-0.0001875000
2291.3721647263,2.0628750000,1.8605625000,1.2881250000,-0.0001875000
2292.2777104378,2.0619375000,1.8590625000,1.2875625000,-0.0001875000
2293.1826438904,2.0611875000,1.8577500000,1.2868125000,0.0000000000
2294.0924301147,2.0598750000,1.8562500000,1.2860625000,-0.0001875000
2295.0005595684,2.0587500000,1.8549375000,1.2853125000,-0.0003750000
2295.9103133678,2.0580000000,1.8536250000,1.2845625000,0.0000000000
2296.8205201626,2.0570625000,1.8523125000,1.2836250000,-0.0001875000
2297.7334249020,2.0561250000,1.8508125000,1.2828750000,-0.0005625000
2298.6427383423,2.0551875000,1.8495000000,1.2825000000,0.0000000000
2299.5527312756,2.0542500000,1.8481875000,1.2813750000,-0.0003750000
2300.4634490013,2.0535000000,1.8470625000,1.2806250000,-0.0001875000
2301.3738656044,2.0527500000,1.8457500000,1.2798750000,-0.0005625000
2302.2838728428,2.0518125000,1.8444375000,1.2793125000,-0.0003750000
2303.1941258907,2.0510625000,1.8429375000,1.2785625000,-0.0003750000
2304.1068077087,2.0501250000,1.8420000000,1.2778125000,-0.0003750000
2305.0161356926,2.0493750000,1.8408750000,1.2772500000,-0.0001875000
2305.9249091148,2.0484375000,1.8397500000,1.2763125000,-0.0001875000
2306.8381872177,2.0478750000,1.8384375000,1.2755625000,-0.0005625000
2307.7551023960,2.0473125000,1.8371250000,1.2751875000,0.0001875000
2308.6674146652,2.0465625000,1.8360000000,1.2744375000,-0.0005625000
2309.6616101265,2.0458125000,1.8346875000,1.2738750000,-0.0001875000
2310.6238994598,2.0450625000,1.8337500000,1.2727500000,-0.0001875000
2311.5450615883,2.0443125000,1.8324375000,1.2721875000,0.0000000000
2312.4838700294,2.0437500000,1.8313125000,1.2716250000,-0.0001875000
2313.4862341881,2.0430000000,1.8301875000,1.2708750000,-0.0001875000
2314.3980138302,2.0422500000,1.8290625000,1.2703125000,-0.0005625000
2315.3114271164,2.0415000000,1.8279375000,1.2695625000,0.0000000000
2316.2298247814,2.0411250000,1.8268125000,1.2688125000,0.0000000000
2317.1460325718,2.0405625000,1.8256875000,1.2682500000,-0.0005625000
2318.0600786209,2.0400000000,1.8245625000,1.2675000000,-0.0001875000
2318.9732453823,2.0394375000,1.8236250000,1.2669375000,-0.0001875000
2319.8904750347,2.0386875000,1.8225000000,1.2658125000,-0.0001875000
2320.8066005707,2.0385000000,1.8215625000,1.2652500000,0.0001875000
2321.7221441269,2.0379375000,1.8204375000,1.2646875000,-0.0001875000
2322.6400804520,2.0373750000,1.8193125000,1.2643125000,-0.0003750000
2323.5577278137,2.0366250000,1.8183750000,1.2637500000,-0.0003750000
2324.4730074406,2.0362500000,1.8174375000,1.2628125000,-0.0003750000
2325.3877983093,2.0360625000,1.8163125000,1.2622500000,-0.0001875000
2326.3053731918,2.0355000000,1.8153750000,1.2615000000,-0.0001875000
2327.2211613655,2.0349375000,1.8142500000,1.2611250000,-0.0001875000
2328.1365768909,2.0343750000,1.8133125000,1.2605625000,-0.0001875000
2329.0528876781,2.0341875000,1.8125625000,1.2596250000,-0.0001875000
2329.9712884426,2.0336250000,1.8112500000,1.2592500000,-0.0001875000
2330.8866384029,2.0334375000,1.8103125000,1.2586875000,0.0001875000
2331.8032870293,2.0328750000,1.8091875000,1.2577500000,0.0000000000
2332.7231333256,2.0325000000,1.8084375000,1.2571875000,0.0000000000
2333.6407525539,2.0321250000,1.8075000000,1.2568125000,-0.0003750000
2334.5584380627,2.0319375000,1.8065625000,1.2560625000,0.0000000000
2335.4782328606,2.0315625000,1.8058125000,1.2555000000,0.0000000000
2336.3985178471,2.0311875000,1.8045000000,1.2549375000,0.0000000000
2337.3168995380,2.0306250000,1.8035625000,1.2545625000,-0.0001875000
2338.2346239090,2.0304375000,1.8028125000,1.2540000000,-0.0001875000
2339.1869485378,2.0300625000,1.8018750000,1.2532500000,-0.0001875000
2340.1092615128,2.0296875000,1.8011250000,1.2525000000,-0.0001875000
2341.0288846493,2.0295000000,1.7998125000,1.2519375000,0.0001875000
2341.9495935440,2.0291250000,1.7988750000,1.2515625000,0.0000000000
2342.8719837666,2.0291250000,1.7979375000,1.2510000000,-0.0001875000
2343.7933759689,2.0285625000,1.7973750000,1.2506250000,-0.0005625000
2344.7134935856,2.0281875000,1.7962500000,1.2498750000,-0.0005625000
2345.6372392178,2.0283750000,1.7953125000,1.2493125000,-0.0001875000
2346.5575089455,2.0280000000,1.7945625000,1.2487500000,0.0000000000
2347.4792692661,2.0274375000,1.7938125000,1.2481875000,0.0000000000
2348.4059863091,2.0274375000,1.7926875000,1.2476250000,-0.0003750000
2349.3291680813,2.0268750000,1.7919375000,1.2470625000,-0.0003750000
2350.2498159409,2.0268750000,1.7910000000,1.2466875000,-0.0003750000
2351.1723191738,2.0266875000,1.7902500000,1.2461250000,-0.0001875000
2352.0967979431,2.0263125000,1.7893125000,1.2455625000,-0.0003750000
2353.0141170025,2.0263125000,1.7885625000,1.2450000000,0.0000000000
2353.9314811230,2.0261250000,1.7878125000,1.2446250000,-0.0003750000
2354.8529360294,2.0259375000,1.7868750000,1.2438750000,0.0000000000
2355.7735326290,2.0255625000,1.7859375000,1.2433125000,-0.0003750000
2356.6906790733,2.0255625000,1.7851875000,1.2429375000,-0.0001875000
2357.6091711521,2.0253750000,1.7846250000,1.2425625000,-0.0001875000
2358.5328052044,2.0250000000,1.7835000000,1.2416250000,0.0000000000
2359.4529273510,2.0250000000,1.7827500000,1.2418125000,-0.0001875000
2360.3724579811,2.0248125000,1.7816250000,1.2410625000,-0.0001875000
2361.2958996296,2.0248125000,1.7810625000,1.2403125000,-0.0003750000
2362.2170898914,2.0246250000,1.7801250000,1.2397500000,0.0000000000
2363.1374106407,2.0246250000,1.7795625000,1.2395625000,0.0000000000
2364.0576326847,2.0244375000,1.7786250000,1.2388125000,0.0000000000
2365.1094334126,2.0240625000,1.7776875000,1.2384375000,0.0001875000
2366.0408322811,2.0240625000,1.7771250000,1.2378750000,-0.0001875000
2366.9617810249,2.0238750000,1.7761875000,1.2376875000,0.0001875000
2367.9527888298,2.0238750000,1.7752500000,1.2369375000,0.0000000000
2368.8834662437,2.0236875000,1.7745000000,1.2365625000,0.0001875000
2369.8111300468,2.0235000000,1.7739375000,1.2361875000,-0.0005625000
2370.7515590191,2.0235000000,1.7730000000,1.2356250000,0.0001875000
2371.6875286102,2.0233125000,1.7722500000,1.2350625000,-0.0001875000
2372.6173591614,2.0233125000,1.7715000000,1.2345000000,0.0000000000
2373.5473787785,2.0233125000,1.7705625000,1.2341250000,-0.0001875000
2374.5077335835,2.0231250000,1.7698125000,1.2337500000,-0.0001875000
2375.4408273697,2.0229375000,1.7692500000,1.2331875000,-0.0001875000
2376.3707792759,2.0229375000,1.7683125000,1.2326250000,-0.0001875000
2377.4133436680,2.0227500000,1.7673750000,1.2324375000,-0.0003750000
2378.4210262299,2.0227500000,1.7668125000,1.2318750000,0.0000000000
2379.3879241943,2.0227500000,1.7660625000,1.2313125000,-0.0003750000
2380.3217828274,2.0225625000,1.7651250000,1.2309375000,-0.0003750000
2381.3224329948,2.0225625000,1.7641875000,1.2305625000,-0.0003750000
2382.2982800007,2.0227500000,1.7634375000,1.2300000000,-0.0003750000
2383.2667822838,2.0225625000,1.7625000000,1.2292500000,-0.0003750000
2384.2682809830,2.0225625000,1.7621250000,1.2288750000,-0.0001875000
2385.2897672653,2.0225625000,1.7611875000,1.2286875000,-0.0003750000
2386.2481470108,2.0225625000,1.7606250000,1.2281250000,-0.0001875000
2387.3012528419,2.0225625000,1.7598750000,1.2277500000,-0.0003750000
2388.2832293510,2.0223750000,1.7589375000,1.2270000000,0.0000000000
2389.2409992218,2.0225625000,1.7583750000,1.2266250000,-0.0001875000
2390.2754950523,2.0223750000,1.7574375000,1.2260625000,-0.0001875000
2391.2761979103,2.0223750000,1.7566875000,1.2256875000,0.0000000000
2392.2430760860,2.0223750000,1.7557500000,1.2253125000,-0.0001875000
2393.2597761154,2.0223750000,1.7553750000,1.2249375000,0.0000000000
2394.2738385201,2.0223750000,1.7542500000,1.2245625000,-0.0005625000
2395.2444789410,2.0223750000,1.7538750000,1.2240000000,-0.0001875000
2396.2381508350,2.0223750000,1.7527500000,1.2238125000,-0.0005625000
2397.2755405903,2.0221875000,1.7521875000,1.2228750000,0.0000000000
2398.2602739334,2.0221875000,1.7514375000,1.2226875000,0.0000000000
2399.2337949276,2.0223750000,1.7508750000,1.2223125000,-0.0001875000
2400.2901308537,2.0223750000,1.7499375000,1.2221250000,-0.0001875000
2401.2725675106,2.0221875000,1.7491875000,1.2215625000,-0.0003750000
2402.2330615520,2.0223750000,1.7486250000,1.2206250000,0.0000000000
2403.2876577377,2.0225625000,1.7478750000,1.2208125000,-0.0003750000
2404.2741882801,2.0223750000,1.7469375000,1.2200625000,0.0000000000
2405.2399404049,2.0221875000,1.7463750000,1.2198750000,-0.0001875000
2406.2764880657,2.0223750000,1.7456250000,1.2195000000,0.0000000000
2407.2814807892,2.0223750000,1.7448750000,1.2189375000,-0.0001875000
2408.2497735023,2.0223750000,1.7443125000,1.2189375000,-0.0003750000
2409.2639706135,2.0223750000,1.7435625000,1.2185625000,-0.0001875000
2410.2855021954,2.0223750000,1.7428125000,1.2180000000,-0.0003750000
2411.2389085293,2.0223750000,1.7420625000,1.2174375000,-0.0003750000
2412.1935687065,2.0223750000,1.7415000000,1.2172500000,-0.0003750000
2413.1641840935,2.0223750000,1.7407500000,1.2166875000,-0.0001875000
2414.1348843575,2.0225625000,1.7401875000,1.2163125000,-0.0001875000
2415.0677647591,2.0225625000,1.7396250000,1.2161250000,-0.0001875000
2416.0072522163,2.0227500000,1.7386875000,1.2157500000,-0.0005625000
2416.9439957142,2.0225625000,1.7385000000,1.2151875000,0.0000000000
2417.8815274239,2.0225625000,1.7375625000,1.2148125000,-0.0003750000
2418.8226790428,2.0225625000,1.7370000000,1.2146250000,-0.0001875000
2419.7601838112,2.0227500000,1.7366250000,1.2142500000,0.0000000000
2420.6962440014,2.0223750000,1.7356875000,1.2138750000,-0.0001875000
2421.6335885525,2.0225625000,1.7349375000,1.2135000000,-0.0007500000
2422.5733416080,2.0227500000,1.7345625000,1.2131250000,-0.0001875000
2423.5496795177,2.0227500000,1.7338125000,1.2129375000,-0.0001875000
2424.4926915169,2.0229375000,1.7332500000,1.2125625000,-0.0001875000
2425.4647378922,2.0229375000,1.7326875000,1.2121875000,-0.0001875000
2426.4173500538,2.0229375000,1.7319375000,1.2118125000,-0.0001875000
2427.3597230911,2.0229375000,1.7315625000,1.2116250000,-0.0001875000
2428.3035924435,2.0227500000,1.7308125000,1.2110625000,0.0000000000
2429.2524459362,2.0231250000,1.7302500000,1.2105000000,-0.0001875000
2430.1947996616,2.0229375000,1.7295000000,1.2106875000,-0.0001875000
2431.1333827972,2.0231250000,1.7291250000,1.2103125000,-0.0003750000
2432.0836470127,2.0231250000,1.7283750000,1.2097500000,-0.0005625000
2433.0290155411,2.0233125000,1.7276250000,1.2093750000,-0.0001875000
2433.9728786945,2.0231250000,1.7270625000,1.2093750000,-0.0001875000
2434.9210567474,2.0231250000,1.7266875000,1.2090000000,-0.0001875000
2435.8687982559,2.0233125000,1.7257500000,1.2080625000,-0.0005625000
2436.8324503899,2.0233125000,1.7253750000,1.2080625000,-0.0001875000
2437.8268098831,2.0235000000,1.7248125000,1.2078750000,-0.0001875000
2438.8518912792,2.0235000000,1.7240625000,1.2076875000,0.0000000000
2439.8095576763,2.0235000000,1.7235000000,1.2071250000,-0.0001875000
2440.7486619949,2.0235000000,1.7229375000,1.2067500000,-0.0003750000
2441.6890728474,2.0235000000,1.7221875000,1.2065625000,-0.0001875000
2442.6275026798,2.0236875000,1.7218125000,1.2061875000,-0.0001875000
2443.5646803379,2.0236875000,1.7210625000,1.2061875000,-0.0003750000
2444.5031921864,2.0235000000,1.7206875000,1.2058125000,-0.0003750000
2445.4439814091,2.0238750000,1.7201250000,1.2052500000,-0.0003750000
2446.3817665577,2.0236875000,1.7197500000,1.2052500000,-0.0001875000
2447.3200373650,2.0240625000,1.7188125000,1.2048750000,-0.0001875000
2448.2617886066,2.0236875000,1.7184375000,1.2043125000,-0.0001875000
2449.2007761002,2.0238750000,1.7176875000,1.2041250000,-0.0001875000
2450.1418128014,2.0240625000,1.7173125000,1.2035625000,-0.0003750000
2451.0834884644,2.0240625000,1.7167500000,1.2035625000,-0.0001875000
2452.0254833698,2.0242500000,1.7161875000,1.2033750000,-0.0001875000
2452.9645662308,2.0240625000,1.7156250000,1.2030000000,0.0000000000
2453.9059965611,2.0242500000,1.7150625000,1.2026250000,-0.0003750000
2454.8535671234,2.0244375000,1.7145000000,1.2024375000,-0.0003750000
2455.7956311703,2.0242500000,1.7137500000,1.2018750000,0.0001875000
2456.7349400520,2.0244375000,1.7133750000,1.2018750000,-0.0003750000
2457.6783304214,2.0244375000,1.7128125000,1.2016875000,-0.0003750000
2458.6194970608,2.0244375000,1.7124375000,1.2013125000,0.0000000000
2459.5606150627,2.0246250000,1.7116875000,1.2009375000,-0.0005625000
2460.5017988682,2.0246250000,1.7113125000,1.2007500000,-0.0001875000
2461.4457838535,2.0248125000,1.7105625000,1.2005625000,0.0000000000
2462.3895838261,2.0250000000,1.7101875000,1.2000000000,-0.0001875000
2463.3799633980,2.0246250000,1.7094375000,1.2000000000,0.0000000000
2464.4454483986,2.0250000000,1.7088750000,1.1994375000,0.0000000000
2465.4333412647,2.0248125000,1.7085000000,1.1994375000,0.0000000000
2466.3776271343,2.0250000000,1.7077500000,1.1988750000,0.0000000000
2467.4464776516,2.0251875000,1.7071875000,1.1985000000,-0.0003750000
2468.4664082527,2.0251875000,1.7064375000,1.1983125000,0.0000000000
2469.4251074791,2.0251875000,1.7060625000,1.1983125000,-0.0003750000
2470.3704853058,2.0251875000,1.7058750000,1.1979375000,0.0000000000
2471.3165972233,2.0253750000,1.7051250000,1.1977500000,-0.0003750000
2472.2595503330,2.0253750000,1.7047500000,1.1973750000,0.0000000000
2473.2040925026,2.0255625000,1.7041875000,1.1971875000,0.0000000000
2474.1574602127,2.0253750000,1.7034375000,1.1966250000,-0.0003750000
2475.1848945618,2.0253750000,1.7030625000,1.1964375000,0.0000000000
2476.1363995075,2.0257500000,1.7025000000,1.1962500000,-0.0003750000
2477.0856311321,2.0257500000,1.7023125000,1.1958750000,0.0003750000
2478.0305540562,2.0259375000,1.7013750000,1.1960625000,-0.0001875000
2478.9770908356,2.0259375000,1.7011875000,1.1955000000,-0.0001875000
2479.9271523952,2.0259375000,1.7006250000,1.1951250000,-0.0003750000
2480.8752391338,2.0259375000,1.7000625000,1.1949375000,-0.0005625000
2481.8214888573,2.0261250000,1.6996875000,1.1945625000,-0.0003750000
2482.7672572136,2.0259375000,1.6991250000,1.1945625000,-0.0005625000
2483.7157607079,2.0265000000,1.6985625000,1.1941875000,-0.0001875000
2484.6635258198,2.0259375000,1.6981875000,1.1940000000,-0.0001875000
2485.6084351540,2.0263125000,1.6976250000,1.1938125000,-0.0005625000
2486.6150083542,2.0263125000,1.6970625000,1.1938125000,-0.0001875000
2487.6126718521,2.0265000000,1.6966875000,1.1934375000,-0.0003750000
2488.5603806973,2.0265000000,1.6959375000,1.1930625000,-0.0001875000
2489.5178127289,2.0265000000,1.6957500000,1.1926875000,-0.0001875000
2490.5828344822,2.0268750000,1.6950000000,1.1923125000,-0.0001875000
2491.5657072067,2.0266875000,1.6946250000,1.1921250000,0.0000000000
2492.5203547478,2.0270625000,1.6940625000,1.1921250000,-0.0003750000
2493.4786193371,2.0268750000,1.6936875000,1.1917500000,-0.0001875000
2494.4314982891,2.0270625000,1.6933125000,1.1917500000,-0.0001875000
2495.3818585873,2.0270625000,1.6927500000,1.1913750000,-0.0001875000
2496.3330500126,2.0270625000,1.6923750000,1.1911875000,0.0000000000
2497.2859077454,2.0270625000,1.6916250000,1.1910000000,-0.0001875000
2498.2343618870,2.0272500000,1.6912500000,1.1906250000,-0.0001875000
2499.1860673428,2.0274375000,1.6908750000,1.1904375000,-0.0001875000
2500.1396808624,2.0272500000,1.6905000000,1.1900625000,-0.0001875000
2501.0979135036,2.0274375000,1.6899375000,1.1902500000,0.0000000000
2502.0492737293,2.0274375000,1.6893750000,1.1896875000,-0.0001875000
2503.0037901402,2.0276250000,1.6890000000,1.1896875000,-0.0001875000
2503.9547462463,2.0276250000,1.6888125000,1.1895000000,-0.0001875000
2504.9044184685,2.0276250000,1.6880625000,1.1889375000,-0.0005625000
2505.8588049412,2.0276250000,1.6878750000,1.1889375000,-0.0003750000
2506.8104219437,2.0278125000,1.6873125000,1.1887500000,-0.0001875000
2507.7627353668,2.0278125000,1.6865625000,1.1885625000,0.0001875000
2508.7170584202,2.0278125000,1.6863750000,1.1881875000,-0.0003750000
2509.6729085445,2.0278125000,1.6856250000,1.1881875000,-0.0005625000
2510.6252210140,2.0280000000,1.6854375000,1.1876250000,-0.0001875000
2511.5777115822,2.0280000000,1.6848750000,1.1878125000,-0.0005625000
2512.5331258774,2.0281875000,1.6845000000,1.1874375000,0.0000000000
2513.4889552593,2.0283750000,1.6843125000,1.1874375000,-0.0001875000
2514.4419245720,2.0283750000,1.6837500000,1.1870625000,-0.0001875000
2515.6260819435,2.0281875000,1.6830000000,1.1866875000,-0.0003750000
2516.6358158588,2.0285625000,1.6826250000,1.1866875000,-0.0003750000
2517.6143720150,2.0283750000,1.6824375000,1.1863125000,-0.0003750000
2518.5726585388,2.0287500000,1.6816875000,1.1861250000,-0.0001875000
2519.5292329788,2.0287500000,1.6815000000,1.1857500000,0.0000000000
2520.4836361408,2.0287500000,1.6809375000,1.1855625000,-0.0003750000
2521.4388899803,2.0287500000,1.6807500000,1.1853750000,-0.0001875000
2522.3965344429,2.0289375000,1.6800000000,1.1851875000,-0.0005625000
2523.3524463177,2.0289375000,1.6796250000,1.1851875000,-0.0001875000
2524.3084139824,2.0289375000,1.6792500000,1.1848125000,-0.0001875000
2525.2672536373,2.0289375000,1.6786875000,1.1848125000,-0.0003750000
2526.2251069546,2.0291250000,1.6783125000,1.1844375000,0.0001875000
2527.1823067665,2.0291250000,1.6777500000,1.1840625000,-0.0001875000
2528.1429719925,2.0293125000,1.6777500000,1.1842500000,-0.0001875000
2529.1016173363,2.0293125000,1.6770000000,1.1838750000,-0.0003750000
2530.0589120388,2.0295000000,1.6768125000,1.1840625000,-0.0003750000
2531.0155329704,2.0293125000,1.6762500000,1.1835000000,0.0000000000
2531.9775834084,2.0295000000,1.6758750000,1.1836875000,0.0000000000
2532.9360589981,2.0295000000,1.6756875000,1.1835000000,-0.0001875000
2533.8946607113,2.0295000000,1.6751250000,1.1829375000,-0.0003750000
2534.8579947948,2.0295000000,1.6747500000,1.1829375000,-0.0001875000
2535.8180990219,2.0298750000,1.6745625000,1.1825625000,-0.0001875000
2536.7752506733,2.0296875000,1.6738125000,1.1823750000,0.0000000000
2537.7362232208,2.0296875000,1.6736250000,1.1821875000,-0.0003750000
2538.6978173256,2.0298750000,1.6732500000,1.1820000000,-0.0001875000
2539.6572880745,2.0298750000,1.6726875000,1.1820000000,-0.0003750000
2540.6204149723,2.0300625000,1.6721250000,1.1816250000,-0.0001875000
2541.7228207588,2.0298750000,1.6717500000,1.1816250000,-0.0001875000
2542.7395124435,2.0300625000,1.6713750000,1.1812500000,-0.0001875000
2543.7073667049,2.0300625000,1.6708125000,1.1812500000,-0.0003750000
2544.6772100925,2.0300625000,1.6706250000,1.1812500000,-0.0003750000
2545.6443727016,2.0302500000,1.6704375000,1.1806875000,0.0000000000
2546.6122102737,2.0302500000,1.6698750000,1.1808750000,0.0000000000
2547.5838871002,2.0304375000,1.6695000000,1.1806875000,-0.0003750000
2548.5545251369,2.0304375000,1.6689375000,1.1805000000,-0.0003750000
2549.5249555111,2.0304375000,1.6687500000,1.1801250000,0.0000000000
2550.5211009979,2.0304375000,1.6681875000,1.1799375000,-0.0003750000
2551.6052069664,2.0306250000,1.6680000000,1.1799375000,0.0000000000
2552.5679214001,2.0306250000,1.6676250000,1.1797500000,-0.0003750000
2553.5307393074,2.0308125000,1.6672500000,1.1793750000,-0.0003750000
2554.4971108437,2.0308125000,1.6666875000,1.1793750000,-0.0003750000
2555.4604196548,2.0308125000,1.6663125000,1.1791875000,-0.0001875000
2556.4223442078,2.0310000000,1.6659375000,1.1788125000,0.0000000000
2557.3910484314,2.0310000000,1.6659375000,1.1786250000,-0.0001875000
2558.3543941975,2.0311875000,1.6651875000,1.1786250000,0.0000000000
2559.3158721924,2.0310000000,1.6651875000,1.1784375000,0.0000000000
2560.2797303200,2.0311875000,1.6646250000,1.1782500000,-0.0001875000
2561.2439539433,2.0310000000,1.6642500000,1.1776875000,0.0000000000
2562.2067878246,2.0311875000,1.6638750000,1.1778750000,0.0000000000
2563.1715624332,2.0311875000,1.6635000000,1.1778750000,0.0000000000
2564.1381573677,2.0311875000,1.6631250000,1.1775000000,-0.0001875000
2565.1064283848,2.0313750000,1.6627500000,1.1773125000,-0.0001875000
2566.0747151375,2.0313750000,1.6623750000,1.1773125000,-0.0001875000
2567.0426728725,2.0315625000,1.6621875000,1.1771250000,-0.0001875000
2568.0077102184,2.0315625000,1.6614375000,1.1769375000,0.0000000000
2568.9760653973,2.0313750000,1.6612500000,1.1767500000,-0.0005625000
2569.9446947575,2.0315625000,1.6612500000,1.1765625000,0.0001875000
2570.9131643772,2.0315625000,1.6608750000,1.1767500000,-0.0001875000
2571.8784971237,2.0315625000,1.6603125000,1.1763750000,0.0000000000
2572.8463881016,2.0317500000,1.6601250000,1.1761875000,-0.0001875000
2573.8145785332,2.0317500000,1.6597500000,1.1761875000,-0.0001875000
2574.7811827660,2.0317500000,1.6591875000,1.1760000000,-0.0001875000
2575.7464773655,2.0319375000,1.6588125000,1.1760000000,-0.0003750000
2576.7163536549,2.0317500000,1.6588125000,1.1758125000,0.0001875000
2577.6852867603,2.0319375000,1.6582500000,1.1754375000,0.0000000000
2578.6531379223,2.0319375000,1.6580625000,1.1754375000,-0.0003750000
2579.6249861717,2.0319375000,1.6575000000,1.1752500000,-0.0003750000
2580.5919189453,2.0319375000,1.6573125000,1.1748750000,0.0001875000
2581.5964245796,2.0321250000,1.6571250000,1.1750625000,-0.0001875000
2582.6123976707,2.0321250000,1.6563750000,1.1750625000,-0.0001875000
2583.5739815235,2.0321250000,1.6563750000,1.1745000000,0.0000000000
2584.5300579071,2.0321250000,1.6560000000,1.1745000000,-0.0001875000
2585.4863810539,2.0323125000,1.6556250000,1.1743125000,-0.0001875000
2586.4466345310,2.0323125000,1.6552500000,1.1741250000,-0.0003750000
2587.4033927917,2.0323125000,1.6548750000,1.1741250000,-0.0001875000
2588.3610403538,2.0323125000,1.6546875000,1.1737500000,-0.0005625000
2589.3206689358,2.0325000000,1.6541250000,1.1737500000,0.0001875000
2590.2872049809,2.0325000000,1.6539375000,1.1737500000,-0.0003750000
2591.2457754612,2.0325000000,1.6535625000,1.1735625000,0.0000000000
2592.3897197247,2.0328750000,1.6530000000,1.1735625000,-0.0001875000
2593.3495495319,2.0325000000,1.6530000000,1.1733750000,-0.0003750000
2594.3070404530,2.0325000000,1.6522500000,1.1730000000,-0.0005625000
2595.2689352036,2.0326875000,1.6524375000,1.1731875000,-0.0001875000
2596.2308363914,2.0326875000,1.6518750000,1.1728125000,-0.0001875000
2597.1914165020,2.0326875000,1.6515000000,1.1728125000,-0.0003750000
2598.1504032612,2.0328750000,1.6513125000,1.1726250000,-0.0005625000
2599.1122422218,2.0328750000,1.6511250000,1.1724375000,-0.0003750000
2600.0714683533,2.0328750000,1.6505625000,1.1720625000,-0.0005625000
2601.0301682949,2.0330625000,1.6503750000,1.1722500000,-0.0005625000
2601.9921128750,2.0328750000,1.6501875000,1.1720625000,0.0000000000
2602.9528322220,2.0330625000,1.6498125000,1.1716875000,0.0001875000
2603.9157373905,2.0330625000,1.6494375000,1.1718750000,-0.0001875000
2604.8781065941,2.0332500000,1.6492500000,1.1718750000,-0.0001875000
2605.8425350189,2.0330625000,1.6488750000,1.1716875000,0.0000000000
2606.8044874668,2.0332500000,1.6485000000,1.1713125000,-0.0003750000
2607.7660396099,2.0334375000,1.6481250000,1.1713125000,-0.0001875000
2608.7312657833,2.0332500000,1.6479375000,1.1713125000,-0.0001875000
2609.6923341751,2.0334375000,1.6475625000,1.1713125000,0.0000000000
2610.6525874138,2.0334375000,1.6471875000,1.1709375000,0.0000000000
2611.6152744293,2.0334375000,1.6473750000,1.1709375000,0.0001875000
2612.5788037777,2.0332500000,1.6466250000,1.1709375000,-0.0001875000
2613.5419797897,2.0336250000,1.6466250000,1.1707500000,-0.0001875000
2614.5045883656,2.0336250000,1.6460625000,1.1703750000,-0.0001875000
2615.4696190357,2.0336250000,1.6456875000,1.1701875000,-0.0001875000
2616.4341373444,2.0336250000,1.6455000000,1.1703750000,0.0000000000
2617.3967533112,2.0336250000,1.6455000000,1.1701875000,-0.0001875000
2618.3624727726,2.0338125000,1.6449375000,1.1701875000,0.0000000000
2619.3240468502,2.0336250000,1.6445625000,1.1700000000,-0.0003750000
2620.2866287231,2.0336250000,1.6443750000,1.1696250000,-0.0003750000
2621.3695192337,2.0338125000,1.6441875000,1.1698125000,0.0001875000
2622.3352401257,2.0338125000,1.6440000000,1.1696250000,-0.0003750000
2623.2982401848,2.0340000000,1.6434375000,1.1692500000,-0.0003750000
2624.2646934986,2.0340000000,1.6430625000,1.1692500000,0.0000000000
2625.2315101624,2.0338125000,1.6428750000,1.1692500000,0.0000000000
2626.1950268745,2.0340000000,1.6425000000,1.1688750000,-0.0003750000
2627.1574671268,2.0340000000,1.6425000000,1.1688750000,-0.0001875000
2628.1583828926,2.0340000000,1.6419375000,1.1688750000,-0.0001875000
2629.1615602970,2.0341875000,1.6417500000,1.1686875000,0.0000000000
2630.1413514614,2.0341875000,1.6415625000,1.1683125000,-0.0001875000
2631.1380410194,2.0340000000,1.6413750000,1.1686875000,-0.0001875000
2632.1147398949,2.0341875000,1.6408125000,1.1681250000,-0.0005625000
2633.0889425278,2.0341875000,1.6408125000,1.1685000000,0.0000000000
2634.0639789104,2.0341875000,1.6404375000,1.1685000000,-0.0003750000
2635.0414874554,2.0343750000,1.6400625000,1.1681250000,-0.0001875000
2636.0159015656,2.0341875000,1.6396875000,1.1679375000,-0.0003750000
2636.9937727451,2.0343750000,1.6395000000,1.1679375000,-0.0003750000
2637.9722657204,2.0343750000,1.6391250000,1.1677500000,-0.0001875000
2638.9486424923,2.0341875000,1.6389375000,1.1673750000,0.0000000000
2639.9245629311,2.0345625000,1.6387500000,1.1675625000,-0.0003750000
2640.9052808285,2.0343750000,1.6385625000,1.1673750000,-0.0001875000
2641.9257683754,2.0345625000,1.6383750000,1.1671875000,-0.0003750000
2642.9325368404,2.0347500000,1.6378125000,1.1670000000,-0.0001875000
2644.1391100883,2.0343750000,1.6378125000,1.1673750000,-0.0001875000
2645.1482713223,2.0345625000,1.6372500000,1.1668125000,-0.0001875000
2646.1161265373,2.0349375000,1.6370625000,1.1668125000,-0.0003750000
2647.0869741440,2.0347500000,1.6366875000,1.1666250000,-0.0003750000
2648.0564432144,2.0347500000,1.6365000000,1.1668125000,-0.0003750000
2649.0251109600,2.0347500000,1.6365000000,1.1664375000,-0.0001875000
2649.9952344894,2.0347500000,1.6359375000,1.1668125000,-0.0005625000
2650.9696681499,2.0347500000,1.6355625000,1.1662500000,-0.0005625000
2651.9547092915,2.0349375000,1.6355625000,1.1662500000,-0.0003750000
2652.9600124359,2.0349375000,1.6355625000,1.1660625000,0.0000000000
2654.1037070751,2.0349375000,1.6350000000,1.1658750000,0.0003750000
2655.0845150948,2.0349375000,1.6346250000,1.1658750000,-0.0005625000
2656.0645625591,2.0349375000,1.6344375000,1.1660625000,0.0000000000
2657.0478301048,2.0349375000,1.6340625000,1.1658750000,-0.0001875000
2658.0257885456,2.0349375000,1.6340625000,1.1660625000,-0.0003750000
2659.0035388470,2.0349375000,1.6335000000,1.1656875000,0.0000000000
2660.0154695511,2.0351250000,1.6335000000,1.1655000000,-0.0001875000
2661.0933876038,2.0351250000,1.6331250000,1.1653125000,0.0000000000
2662.0720326900,2.0351250000,1.6329375000,1.1655000000,-0.0001875000
2663.0984408855,2.0351250000,1.6325625000,1.1651250000,-0.0003750000
2664.0806608200,2.0353125000,1.6323750000,1.1651250000,-0.0003750000
2665.0579230785,2.0353125000,1.6321875000,1.1649375000,-0.0001875000
2666.0394196510,2.0353125000,1.6320000000,1.1651250000,-0.0001875000
2667.0226080418,2.0353125000,1.6316250000,1.1647500000,-0.0003750000
2668.0070621967,2.0355000000,1.6314375000,1.1649375000,-0.0003750000
2668.9921426773,2.0355000000,1.6312500000,1.1645625000,0.0000000000
2669.9744019508,2.0353125000,1.6308750000,1.1647500000,0.0000000000
2670.9644896984,2.0355000000,1.6308750000,1.1645625000,-0.0003750000
2671.9838616848,2.0355000000,1.6305000000,1.1643750000,-0.0003750000
2673.1234488487,2.0355000000,1.6303125000,1.1641875000,-0.0001875000
2674.1682760715,2.0355000000,1.6299375000,1.1643750000,-0.0003750000
2675.1641042233,2.0358750000,1.6295625000,1.1643750000,-0.0001875000
2676.2893145084,2.0356875000,1.6295625000,1.1640000000,-0.0003750000
2677.3190503120,2.0355000000,1.6291875000,1.1640000000,-0.0005625000
2678.2938709259,2.0356875000,1.6288125000,1.1638125000,-0.0003750000
2679.3948521614,2.0356875000,1.6282500000,1.1636250000,-0.0001875000
2680.4529583454,2.0356875000,1.6286250000,1.1636250000,0.0000000000
2681.4442896843,2.0356875000,1.6280625000,1.1634375000,-0.0003750000
