12.7877810001,2.4736875000,2.1605625000,2.4751875000,2.1656250000
13.1545927525,2.4742500000,2.1609375000,2.4759375000,2.1663750000
13.5308713913,2.4744375000,2.1618750000,2.4763125000,2.1667500000
13.8912670612,2.4750000000,2.1622500000,2.4766875000,2.1667500000
14.2529509068,2.4755625000,2.1613125000,2.4772500000,2.1665625000
14.6113502979,2.4736875000,2.1628125000,2.4772500000,2.1671250000
14.9716763496,2.4759375000,2.1613125000,2.4778125000,2.1658125000
15.3361186981,2.4753750000,2.1624375000,2.4772500000,2.1669375000
15.7033669949,2.4751875000,2.1626250000,2.4776250000,2.1673125000
16.0662348270,2.4751875000,2.1631875000,2.4780000000,2.1671250000
16.4324841499,2.4753750000,2.1631875000,2.4781875000,2.1671250000
16.7996456623,2.4755625000,2.1633750000,2.4785625000,2.1667500000
17.1676180363,2.4759375000,2.1633750000,2.4776250000,2.1675000000
17.5362482071,2.4751875000,2.1626250000,2.4778125000,2.1682500000
17.8914616108,2.4761250000,2.1635625000,2.4776250000,2.1682500000
18.2486612797,2.4759375000,2.1635625000,2.4778125000,2.1678750000
18.6065447330,2.4755625000,2.1631875000,2.4774375000,2.1675000000
18.9639360905,2.4753750000,2.1633750000,2.4781875000,2.1682500000
19.3247306347,2.4753750000,2.1633750000,2.4781875000,2.1688125000
19.6861855984,2.4755625000,2.1633750000,2.4783750000,2.1684375000
20.0465149879,2.4748125000,2.1633750000,2.4780000000,2.1680625000
20.4095036983,2.4751875000,2.1631875000,2.4780000000,2.1682500000
20.7724645138,2.4748125000,2.1630000000,2.4774375000,2.1680625000
21.1351220608,2.4746250000,2.1624375000,2.4778125000,2.1678750000
21.4980359077,2.4738750000,2.1624375000,2.4772500000,2.1676875000
21.8947904110,2.4733125000,2.1624375000,2.4766875000,2.1678750000
22.2451179028,2.4727500000,2.1622500000,2.4759375000,2.1675000000
22.5913679600,2.4735000000,2.1628125000,2.4770625000,2.1680625000
22.9623780251,2.4729375000,2.1628125000,2.4766875000,2.1684375000
23.3345820904,2.4727500000,2.1624375000,2.4765000000,2.1680625000
23.7114646435,2.4729375000,2.1626250000,2.4765000000,2.1676875000
24.0908942223,2.4725625000,2.1624375000,2.4759375000,2.1680625000
24.4725854397,2.4723750000,2.1620625000,2.4757500000,2.1676875000
24.8659174442,2.4714375000,2.1611250000,2.4751875000,2.1675000000
25.2976679802,2.4714375000,2.1618750000,2.4748125000,2.1678750000
25.7169227600,2.4701250000,2.1615000000,2.4742500000,2.1678750000
26.1108655930,2.4703125000,2.1616875000,2.4746250000,2.1680625000
26.5015022755,2.4706875000,2.1613125000,2.4746250000,2.1678750000
26.8781597614,2.4701250000,2.1615000000,2.4744375000,2.1682500000
27.2445740700,2.4691875000,2.1616875000,2.4742500000,2.1678750000
27.6124932766,2.4697500000,2.1615000000,2.4740625000,2.1682500000
27.9822700024,2.4691875000,2.1607500000,2.4733125000,2.1673125000
28.3540396690,2.4686250000,2.1605625000,2.4731250000,2.1676875000
28.7032322884,2.4678750000,2.1605625000,2.4727500000,2.1678750000
29.0624976158,2.4675000000,2.1611250000,2.4733125000,2.1682500000
29.4586639404,2.4673125000,2.1609375000,2.4727500000,2.1688125000
29.8410415649,2.4676875000,2.1611250000,2.4718125000,2.1684375000
30.2100698948,2.4678750000,2.1605625000,2.4723750000,2.1686250000
30.5805890560,2.4663750000,2.1611250000,2.4723750000,2.1690000000
30.9624269009,2.4671250000,2.1609375000,2.4712500000,2.1684375000
31.3444659710,2.4654375000,2.1609375000,2.4716250000,2.1682500000
31.7162487507,2.4663750000,2.1609375000,2.4718125000,2.1688125000
32.0891051292,2.4658125000,2.1607500000,2.4712500000,2.1690000000
32.4614074230,2.4658125000,2.1611250000,2.4710625000,2.1690000000
32.8361353874,2.4654375000,2.1605625000,2.4712500000,2.1690000000
33.2105233669,2.4650625000,2.1605625000,2.4708750000,2.1684375000
33.5832676888,2.4652500000,2.1601875000,2.4706875000,2.1688125000
33.9383020401,2.4643125000,2.1598125000,2.4697500000,2.1684375000
34.2333352566,2.4652500000,2.1603750000,2.4705000000,2.1686250000
34.6103494167,2.4635625000,2.1600000000,2.4697500000,2.1684375000
34.9855713844,2.4639375000,2.1598125000,2.4695625000,2.1684375000
35.3620977402,2.4637500000,2.1598125000,2.4693750000,2.1684375000
35.7416083813,2.4631875000,2.1601875000,2.4695625000,2.1690000000
36.1194119453,2.4628125000,2.1603750000,2.4690000000,2.1686250000
36.4992477894,2.4637500000,2.1600000000,2.4690000000,2.1688125000
36.8802399635,2.4643125000,2.1598125000,2.4682500000,2.1688125000
37.2607667446,2.4639375000,2.1598125000,2.4684375000,2.1684375000
37.6417338848,2.4637500000,2.1588750000,2.4675000000,2.1680625000
38.0245149136,2.4641250000,2.1594375000,2.4678750000,2.1682500000
38.4078052044,2.4641250000,2.1594375000,2.4673125000,2.1680625000
38.7911195755,2.4646875000,2.1598125000,2.4678750000,2.1686250000
39.1734647751,2.4645000000,2.1596250000,2.4678750000,2.1684375000
39.5366680622,2.4643125000,2.1592500000,2.4673125000,2.1684375000
39.8371086121,2.4648750000,2.1600000000,2.4678750000,2.1693750000
40.2217142582,2.4646875000,2.1601875000,2.4676875000,2.1688125000
40.6055405140,2.4639375000,2.1601875000,2.4671250000,2.1688125000
40.9932720661,2.4639375000,2.1600000000,2.4663750000,2.1684375000
41.3818185329,2.4626250000,2.1603750000,2.4665625000,2.1688125000
41.7702856064,2.4620625000,2.1594375000,2.4660000000,2.1691875000
42.1576890945,2.4630000000,2.1615000000,2.4658125000,2.1682500000
42.5456352234,2.4624375000,2.1626250000,2.4667500000,2.1688125000
42.9341273308,2.4633750000,2.1631875000,2.4669375000,2.1697500000
43.2917943001,2.4643125000,2.1648750000,2.4667500000,2.1703125000
43.6823484898,2.4661875000,2.1684375000,2.4658125000,2.1703125000
44.0727157593,2.4673125000,2.1710625000,2.4661875000,2.1699375000
44.4636182785,2.4691875000,2.1742500000,2.4665625000,2.1712500000
44.8560955524,2.4705000000,2.1785625000,2.4663750000,2.1718125000
45.2521495819,2.4729375000,2.1832500000,2.4669375000,2.1723750000
45.6461138725,2.4751875000,2.1877500000,2.4669375000,2.1729375000
46.0395104885,2.4774375000,2.1915000000,2.4669375000,2.1735000000
46.4485554695,2.4798750000,2.1976875000,2.4671250000,2.1744375000
46.8580291271,2.4817500000,2.2029375000,2.4669375000,2.1746250000
47.2790782452,2.4843750000,2.2081875000,2.4661875000,2.1746250000
47.7359652519,2.4868125000,2.2147500000,2.4663750000,2.1751875000
48.1946682930,2.4901875000,2.2207500000,2.4663750000,2.1759375000
48.6219165325,2.4928125000,2.2273125000,2.4665625000,2.1770625000
49.0483994484,2.4954375000,2.2335000000,2.4667500000,2.1778125000
49.4956326485,2.4984375000,2.2395000000,2.4667500000,2.1783750000
49.8028345108,2.4995625000,2.2441875000,2.4665625000,2.1785625000
50.0975060463,2.5014375000,2.2479375000,2.4667500000,2.1796875000
50.3907432556,2.5029375000,2.2522500000,2.4661875000,2.1795000000
50.7329783440,2.5055625000,2.2576875000,2.4673125000,2.1808125000
51.2458624840,2.5087500000,2.2640625000,2.4669375000,2.1806250000
51.7047600746,2.5123125000,2.2702500000,2.4671250000,2.1811875000
52.1458559036,2.5145625000,2.2756875000,2.4669375000,2.1821250000
52.5823104382,2.5168125000,2.2811250000,2.4669375000,2.1825000000
52.9951102734,2.5192500000,2.2858125000,2.4669375000,2.1826875000
53.4092056751,2.5211250000,2.2910625000,2.4667500000,2.1830625000
53.8169243336,2.5226250000,2.2955625000,2.4661875000,2.1830625000
54.1782958508,2.5252500000,2.3000625000,2.4665625000,2.1838125000
54.6898419857,2.5280625000,2.3051250000,2.4661875000,2.1843750000
55.1204583645,2.5291875000,2.3107500000,2.4665625000,2.1838125000
55.5387151241,2.5318125000,2.3145000000,2.4661875000,2.1853125000
55.9550480843,2.5331250000,2.3197500000,2.4669375000,2.1853125000
56.3605914116,2.5355625000,2.3238750000,2.4667500000,2.1853125000
56.7640471458,2.5365000000,2.3266875000,2.4663750000,2.1860625000
57.1580407619,2.5385625000,2.3313750000,2.4667500000,2.1870000000
57.5526843071,2.5402500000,2.3353125000,2.4661875000,2.1873750000
57.9490001202,2.5425000000,2.3396250000,2.4669375000,2.1875625000
58.3467862606,2.5438125000,2.3430000000,2.4667500000,2.1881250000
58.7411203384,2.5453125000,2.3460000000,2.4667500000,2.1883125000
59.1249356270,2.5473750000,2.3495625000,2.4665625000,2.1881250000
59.5068573952,2.5483125000,2.3527500000,2.4665625000,2.1885000000
59.8918812275,2.5500000000,2.3557500000,2.4661875000,2.1886875000
60.2773256302,2.5513125000,2.3583750000,2.4658125000,2.1890625000
60.6406533718,2.5524375000,2.3615625000,2.4661875000,2.1894375000
61.0248131752,2.5537500000,2.3643750000,2.4660000000,2.1896250000
61.4120624065,2.5554375000,2.3677500000,2.4663750000,2.1900000000
61.7957818508,2.5563750000,2.3705625000,2.4665625000,2.1903750000
62.1810395718,2.5578750000,2.3735625000,2.4661875000,2.1909375000
62.5740301609,2.5597500000,2.3760000000,2.4665625000,2.1909375000
62.9822800159,2.5603125000,2.3788125000,2.4665625000,2.1905625000
63.3776247501,2.5616250000,2.3810625000,2.4658125000,2.1907500000
63.7664980888,2.5623750000,2.3831250000,2.4658125000,2.1907500000
64.0544939041,2.5635000000,2.3848125000,2.4661875000,2.1915000000
64.3423550129,2.5650000000,2.3883750000,2.4665625000,2.1928125000
64.6297221184,2.5657500000,2.3900625000,2.4669375000,2.1935625000
64.9177951813,2.5666875000,2.3923125000,2.4669375000,2.1939375000
65.2147724628,2.5680000000,2.3947500000,2.4676875000,2.1941250000
65.6057832241,2.5693125000,2.3968125000,2.4676875000,2.1941250000
65.9969761372,2.5700625000,2.3981250000,2.4661875000,2.1943125000
66.3951852322,2.5713750000,2.4000000000,2.4671250000,2.1946875000
66.7873044014,2.5719375000,2.4026250000,2.4654375000,2.1943125000
67.1789181232,2.5730625000,2.4046875000,2.4675000000,2.1945000000
67.5710537434,2.5743750000,2.4060000000,2.4661875000,2.1937500000
68.0055778027,2.5755000000,2.4091875000,2.4673125000,2.1943125000
68.4392757416,2.5758750000,2.4110625000,2.4676875000,2.1946875000
68.8561947346,2.5771875000,2.4125625000,2.4671250000,2.1958125000
69.2633488178,2.5777500000,2.4144375000,2.4675000000,2.1958125000
69.6572246552,2.5788750000,2.4159375000,2.4665625000,2.1956250000
70.0601100922,2.5801875000,2.4178125000,2.4675000000,2.1961875000
70.4578764439,2.5807500000,2.4204375000,2.4676875000,2.1960000000
70.7710738182,2.5816875000,2.4219375000,2.4675000000,2.1965625000
71.0655088425,2.5820625000,2.4236250000,2.4680625000,2.1969375000
71.3818426132,2.5833750000,2.4251250000,2.4682500000,2.1973125000
71.7816445827,2.5843125000,2.4266250000,2.4684375000,2.1975000000
72.1796948910,2.5845000000,2.4283125000,2.4686250000,2.1971250000
72.5792982578,2.5850625000,2.4296250000,2.4684375000,2.1971250000
72.9796400070,2.5854375000,2.4305625000,2.4682500000,2.1969375000
73.3828072548,2.5856250000,2.4320625000,2.4682500000,2.1971250000
73.7879750729,2.5867500000,2.4337500000,2.4686250000,2.1971250000
74.1918754578,2.5876875000,2.4354375000,2.4686250000,2.1976875000
74.5894618034,2.5882500000,2.4363750000,2.4682500000,2.1976875000
74.8885619640,2.5888125000,2.4378750000,2.4684375000,2.1980625000
75.2119176388,2.5897500000,2.4397500000,2.4695625000,2.1988125000
75.6159451008,2.5905000000,2.4408750000,2.4695625000,2.1988125000
76.0204093456,2.5912500000,2.4420000000,2.4693750000,2.1984375000
76.4303853512,2.5912500000,2.4421875000,2.4691875000,2.1984375000
76.8408010006,2.5918125000,2.4450000000,2.4693750000,2.1990000000
77.2559387684,2.5935000000,2.4466875000,2.4697500000,2.1993750000
77.6620650291,2.5931250000,2.4478125000,2.4697500000,2.1995625000
78.0691401958,2.5944375000,2.4489375000,2.4697500000,2.1997500000
78.4761447906,2.5946250000,2.4500625000,2.4697500000,2.2001250000
78.8834426403,2.5957500000,2.4511875000,2.4699375000,2.1997500000
79.2916893959,2.5955625000,2.4521250000,2.4690000000,2.1995625000
79.7013843060,2.5963125000,2.4534375000,2.4695625000,2.2001250000
80.1107456684,2.5957500000,2.4547500000,2.4691875000,2.1993750000
80.5605530739,2.5972500000,2.4564375000,2.4691875000,2.2010625000
80.9769549370,2.5983750000,2.4570000000,2.4691875000,2.2016250000
81.3918805122,2.5980000000,2.4588750000,2.4699375000,2.2016250000
81.8052036762,2.6002500000,2.4603750000,2.4697500000,2.2006875000
82.2145991325,2.6004375000,2.4605625000,2.4695625000,2.2014375000
82.6270070076,2.5993125000,2.4613125000,2.4697500000,2.2016250000
83.0399322510,2.6011875000,2.4630000000,2.4699375000,2.2020000000
83.4519455433,2.6017500000,2.4637500000,2.4705000000,2.2020000000
83.8651721478,2.6019375000,2.4652500000,2.4708750000,2.2020000000
84.2779529095,2.6023125000,2.4661875000,2.4708750000,2.2020000000
84.6899306774,2.6036250000,2.4675000000,2.4708750000,2.2027500000
85.0121388435,2.6034375000,2.4678750000,2.4706875000,2.2027500000
85.3191859722,2.6038125000,2.4690000000,2.4705000000,2.2033125000
85.6473343372,2.6047500000,2.4701250000,2.4714375000,2.2035000000
86.0632762909,2.6043750000,2.4706875000,2.4710625000,2.2033125000
86.4812977314,2.6047500000,2.4716250000,2.4712500000,2.2029375000
86.8993778229,2.6056875000,2.4725625000,2.4714375000,2.2036875000
87.3145678043,2.6060625000,2.4733125000,2.4716250000,2.2038750000
87.7318022251,2.6060625000,2.4742500000,2.4714375000,2.2036875000
88.1499955654,2.6073750000,2.4750000000,2.4716250000,2.2038750000
88.5674338341,2.6068125000,2.4757500000,2.4716250000,2.2040625000
88.9852263927,2.6073750000,2.4761250000,2.4712500000,2.2038750000
89.4053030014,2.6073750000,2.4772500000,2.4710625000,2.2044375000
89.8266408443,2.6083125000,2.4778125000,2.4712500000,2.2040625000
90.2480421066,2.6109375000,2.4793125000,2.4714375000,2.2044375000
90.6683316231,2.6122500000,2.4795000000,2.4718125000,2.2046250000
91.0888645649,2.6126250000,2.4804375000,2.4718125000,2.2048125000
91.5106000900,2.6128125000,2.4808125000,2.4718125000,2.2046250000
91.9323859215,2.6130000000,2.4806250000,2.4718125000,2.2046250000
92.3551111221,2.6116875000,2.4804375000,2.4712500000,2.2044375000
92.7088186741,2.6113125000,2.4802500000,2.4714375000,2.2048125000
93.1325159073,2.6111250000,2.4785625000,2.4710625000,2.2046250000
93.5565905571,2.6101875000,2.4780000000,2.4706875000,2.2040625000
93.9802768230,2.6075625000,2.4753750000,2.4714375000,2.2044375000
94.4054095745,2.6073750000,2.4729375000,2.4703125000,2.2040625000
94.8304312229,2.6055000000,2.4703125000,2.4710625000,2.2029375000
95.2546224594,2.6032500000,2.4667500000,2.4706875000,2.2035000000
95.7637062073,2.6013750000,2.4628125000,2.4701250000,2.2025625000
96.1655783653,2.5987500000,2.4596250000,2.4697500000,2.2023750000
96.4816727638,2.5983750000,2.4573750000,2.4701250000,2.2027500000
96.8756251335,2.5963125000,2.4541875000,2.4701250000,2.2021875000
97.3046207428,2.5950000000,2.4498750000,2.4699375000,2.2018125000
97.7330372334,2.5929375000,2.4457500000,2.4697500000,2.2016250000
98.1609981060,2.5906875000,2.4412500000,2.4691875000,2.2005000000
98.5905246735,2.5876875000,2.4365625000,2.4686250000,2.2001250000
99.0214877129,2.5861875000,2.4331875000,2.4686250000,2.2001250000
99.4526391029,2.5845000000,2.4285000000,2.4686250000,2.1995625000
99.8838882446,2.5828125000,2.4249375000,2.4686250000,2.1993750000
100.3147284985,2.5811250000,2.4210000000,2.4684375000,2.1988125000
100.7455992699,2.5790625000,2.4170625000,2.4684375000,2.1984375000
101.1771976948,2.5770000000,2.4131250000,2.4676875000,2.1980625000
101.6104714870,2.5751250000,2.4090000000,2.4678750000,2.1975000000
102.0440444946,2.5730625000,2.4048750000,2.4675000000,2.1969375000
102.4541430473,2.5708125000,2.4013125000,2.4671250000,2.1969375000
102.7751972675,2.5695000000,2.3992500000,2.4675000000,2.1971250000
103.0967087746,2.5687500000,2.3973750000,2.4678750000,2.1973125000
103.5268032551,2.5672500000,2.3940000000,2.4682500000,2.1973125000
103.9610235691,2.5657500000,2.3902500000,2.4678750000,2.1967500000
104.3949081898,2.5636875000,2.3868750000,2.4678750000,2.1963750000
104.8313612938,2.5623750000,2.3833125000,2.4673125000,2.1958125000
105.2691299915,2.5603125000,2.3795625000,2.4671250000,2.1954375000
105.7059361935,2.5576875000,2.3761875000,2.4669375000,2.1946875000
106.1485559940,2.5571250000,2.3735625000,2.4671250000,2.1946875000
106.5654308796,2.5558125000,2.3690625000,2.4648750000,2.1954375000
106.9687523842,2.5550625000,2.3685000000,2.4665625000,2.1948750000
107.4091169834,2.5539375000,2.3655000000,2.4663750000,2.1943125000
107.8486518860,2.5522500000,2.3623125000,2.4661875000,2.1945000000
108.3253023624,2.5501875000,2.3589375000,2.4665625000,2.1939375000
108.8703832626,2.5475625000,2.3557500000,2.4661875000,2.1961875000
109.4060335159,2.5473750000,2.3525625000,2.4660000000,2.1943125000
109.8444919586,2.5458750000,2.3499375000,2.4660000000,2.1939375000
110.2845678329,2.5441875000,2.3471250000,2.4656250000,2.1933750000
110.7243013382,2.5432500000,2.3448750000,2.4650625000,2.1931875000
111.1644587517,2.5421250000,2.3422500000,2.4650625000,2.1930000000
111.6060957909,2.5398750000,2.3394375000,2.4643125000,2.1926250000
112.0479300022,2.5391250000,2.3373750000,2.4639375000,2.1926250000
112.4677147865,2.5380000000,2.3353125000,2.4639375000,2.1926250000
112.8171064854,2.5378125000,2.3338125000,2.4643125000,2.1931875000
113.2593793869,2.5366875000,2.3319375000,2.4641250000,2.1924375000
113.7028894424,2.5357500000,2.3295000000,2.4637500000,2.1928125000
114.1452198029,2.5342500000,2.3274375000,2.4635625000,2.1920625000
114.5889585018,2.5333125000,2.3253750000,2.4628125000,2.1916875000
115.0338730812,2.5321875000,2.3229375000,2.4624375000,2.1913125000
115.4799668789,2.5310625000,2.3210625000,2.4624375000,2.1915000000
115.9268517494,2.5299375000,2.3193750000,2.4618750000,2.1911250000
116.2571609020,2.5291875000,2.3182500000,2.4618750000,2.1915000000
116.6095161438,2.5288125000,2.3171250000,2.4624375000,2.1916875000
117.0535838604,2.5282500000,2.3152500000,2.4622500000,2.1916875000
117.4964747429,2.5273125000,2.3128125000,2.4616875000,2.1911250000
117.9410963058,2.5254375000,2.3109375000,2.4607500000,2.1907500000
118.3877308369,2.5248750000,2.3094375000,2.4607500000,2.1907500000
118.8344094753,2.5246875000,2.3081250000,2.4586875000,2.1901875000
119.2801530361,2.5233750000,2.3068125000,2.4600000000,2.1907500000
119.7268061638,2.5228125000,2.3041875000,2.4598125000,2.1911250000
120.1738176346,2.5220625000,2.3030625000,2.4596250000,2.1907500000
120.6216959953,2.5209375000,2.3011875000,2.4598125000,2.1909375000
121.0687694550,2.5200000000,2.3000625000,2.4592500000,2.1901875000
121.5184221268,2.5188750000,2.2983750000,2.4590625000,2.1901875000
121.9668850899,2.5183125000,2.2966875000,2.4586875000,2.1900000000
122.4149551392,2.5177500000,2.2955625000,2.4583125000,2.1901875000
122.8124136925,2.5170000000,2.2944375000,2.4583125000,2.1898125000
123.2612462044,2.5162500000,2.2929375000,2.4579375000,2.1898125000
123.7100512981,2.5151250000,2.2916250000,2.4575625000,2.1894375000
124.1594204903,2.5143750000,2.2899375000,2.4570000000,2.1894375000
124.6109879017,2.5136250000,2.2878750000,2.4566250000,2.1886875000
125.0611994267,2.5126875000,2.2871250000,2.4560625000,2.1886875000
125.5134596825,2.5125000000,2.2860000000,2.4562500000,2.1888750000
125.9679930210,2.5106250000,2.2846875000,2.4549375000,2.1885000000
126.4268829823,2.5113750000,2.2839375000,2.4562500000,2.1892500000
126.8992385864,2.5108125000,2.2820625000,2.4558750000,2.1886875000
127.3736875057,2.5095000000,2.2811250000,2.4553125000,2.1883125000
127.9103841782,2.5085625000,2.2790625000,2.4543750000,2.1879375000
128.4325566292,2.5057500000,2.2777500000,2.4526875000,2.1879375000
128.9081254005,2.5072500000,2.2771875000,2.4517500000,2.1881250000
129.3716347218,2.5066875000,2.2758750000,2.4538125000,2.1875625000
129.8310871124,2.5059375000,2.2745625000,2.4536250000,2.1879375000
130.2951731682,2.5053750000,2.2732500000,2.4530625000,2.1877500000
130.7752060890,2.5044375000,2.2715625000,2.4525000000,2.1870000000
131.3038103580,2.5027500000,2.2704375000,2.4523125000,2.1864375000
131.8020431995,2.5033125000,2.2695000000,2.4515625000,2.1871875000
132.2413399220,2.5021875000,2.2687500000,2.4498750000,2.1866250000
132.6421291828,2.5025625000,2.2680000000,2.4515625000,2.1875625000
133.1052086353,2.5005000000,2.2674375000,2.4525000000,2.1871875000
133.5618081093,2.5012500000,2.2665000000,2.4523125000,2.1866250000
134.0208132267,2.5003125000,2.2651875000,2.4517500000,2.1873750000
134.5646696091,2.5003125000,2.2640625000,2.4511875000,2.1870000000
135.0305671692,2.5001250000,2.2627500000,2.4517500000,2.1871875000
135.4915699959,2.4995625000,2.2620000000,2.4515625000,2.1868125000
135.9521844387,2.4984375000,2.2610625000,2.4508125000,2.1866250000
136.4194166660,2.4986250000,2.2599375000,2.4508125000,2.1868125000
136.8270404339,2.4978750000,2.2588125000,2.4502500000,2.1864375000
137.2863416672,2.4971250000,2.2582500000,2.4500625000,2.1860625000
137.8567123413,2.4965625000,2.2571250000,2.4496875000,2.1856875000
138.3713548183,2.4950625000,2.2561875000,2.4495000000,2.1847500000
138.8603458405,2.4961875000,2.2552500000,2.4483750000,2.1860625000
139.3462080956,2.4958125000,2.2543125000,2.4495000000,2.1856875000
139.8192722797,2.4946875000,2.2537500000,2.4491250000,2.1856875000
140.2980165482,2.4948750000,2.2520625000,2.4483750000,2.1849375000
140.8236515522,2.4937500000,2.2509375000,2.4478125000,2.1851250000
141.3537440300,2.4935625000,2.2505625000,2.4481875000,2.1855000000
141.8409869671,2.4931875000,2.2496250000,2.4474375000,2.1851250000
142.3096380234,2.4928125000,2.2490625000,2.4474375000,2.1851250000
142.7704138756,2.4924375000,2.2483125000,2.4468750000,2.1845625000
143.1122889519,2.4920625000,2.2477500000,2.4468750000,2.1853125000
143.4548654556,2.4918750000,2.2477500000,2.4465000000,2.1858750000
143.7985568047,2.4915000000,2.2471875000,2.4465000000,2.1855000000
144.1736674309,2.4915000000,2.2460625000,2.4468750000,2.1860625000
144.6361732483,2.4905625000,2.2466250000,2.4474375000,2.1856875000
145.0987315178,2.4913125000,2.2456875000,2.4459375000,2.1851250000
145.5606169701,2.4898125000,2.2447500000,2.4468750000,2.1860625000
146.0249099731,2.4911250000,2.2443750000,2.4463125000,2.1849375000
146.4871308804,2.4898125000,2.2425000000,2.4466875000,2.1855000000
147.0008177757,2.4898125000,2.2421250000,2.4459375000,2.1847500000
147.5152254105,2.4896250000,2.2413750000,2.4457500000,2.1851250000
148.0736813545,2.4896250000,2.2404375000,2.4455625000,2.1843750000
148.5725941658,2.4890625000,2.2395000000,2.4451875000,2.1843750000
149.0699381828,2.4886875000,2.2387500000,2.4448125000,2.1841875000
149.5534138680,2.4871875000,2.2378125000,2.4438750000,2.1838125000
150.0468325615,2.4870000000,2.2366875000,2.4435000000,2.1832500000
150.6549060345,2.4866250000,2.2357500000,2.4429375000,2.1830625000
151.1275231838,2.4858750000,2.2355625000,2.4431250000,2.1834375000
151.5949852467,2.4860625000,2.2346250000,2.4431250000,2.1832500000
152.0645523071,2.4853125000,2.2344375000,2.4429375000,2.1832500000
152.5343413353,2.4853125000,2.2335000000,2.4427500000,2.1830625000
152.9802501202,2.4843750000,2.2331250000,2.4427500000,2.1832500000
153.4483904839,2.4840000000,2.2321875000,2.4420000000,2.1825000000
153.9178020954,2.4836250000,2.2318125000,2.4420000000,2.1825000000
154.3875467777,2.4836250000,2.2310625000,2.4418125000,2.1828750000
154.8552408218,2.4828750000,2.2306875000,2.4416250000,2.1826875000
155.3259708881,2.4828750000,2.2303125000,2.4416250000,2.1828750000
155.7967188358,2.4825000000,2.2295625000,2.4418125000,2.1823125000
156.2440712452,2.4821250000,2.2288125000,2.4410625000,2.1821250000
156.7030732632,2.4813750000,2.2282500000,2.4410625000,2.1821250000
157.1765398979,2.4804375000,2.2269375000,2.4408750000,2.1825000000
157.6492054462,2.4813750000,2.2276875000,2.4403125000,2.1821250000
158.1215367317,2.4813750000,2.2273125000,2.4410625000,2.1819375000
158.5940842628,2.4798750000,2.2267500000,2.4410625000,2.1821250000
159.0695493221,2.4810000000,2.2250625000,2.4406875000,2.1826875000
159.5444340706,2.4808125000,2.2260000000,2.4406875000,2.1815625000
160.0206327438,2.4796875000,2.2248750000,2.4403125000,2.1810000000
160.5084848404,2.4796875000,2.2243125000,2.4401250000,2.1823125000
160.9831171036,2.4798750000,2.2239375000,2.4405000000,2.1817500000
161.4568691254,2.4791250000,2.2231875000,2.4399375000,2.1823125000
161.9320676327,2.4791250000,2.2228125000,2.4399375000,2.1819375000
162.4066460133,2.4787500000,2.2222500000,2.4395625000,2.1815625000
162.8813064098,2.4776250000,2.2209375000,2.4388125000,2.1811875000
163.3582594395,2.4774375000,2.2207500000,2.4384375000,2.1813750000
163.8324286938,2.4772500000,2.2209375000,2.4390000000,2.1815625000
164.3082637787,2.4772500000,2.2201875000,2.4386250000,2.1817500000
164.7838358879,2.4763125000,2.2196250000,2.4380625000,2.1811875000
165.2608666420,2.4768750000,2.2192500000,2.4382500000,2.1810000000
165.7362799644,2.4766875000,2.2183125000,2.4380625000,2.1813750000
166.2137508392,2.4759375000,2.2175625000,2.4369375000,2.1802500000
166.6932518482,2.4753750000,2.2171875000,2.4361875000,2.1806250000
167.1719181538,2.4757500000,2.2171875000,2.4373125000,2.1811875000
167.6770188808,2.4753750000,2.2155000000,2.4375000000,2.1802500000
168.1651618481,2.4755625000,2.2166250000,2.4373125000,2.1810000000
168.6481475830,2.4757500000,2.2156875000,2.4375000000,2.1813750000
169.1325151920,2.4748125000,2.2151250000,2.4369375000,2.1802500000
169.6254973412,2.4736875000,2.2141875000,2.4361875000,2.1800625000
170.1216628551,2.4738750000,2.2138125000,2.4360000000,2.1793125000
170.6048879623,2.4729375000,2.2136250000,2.4358125000,2.1798750000
171.0884315968,2.4727500000,2.2132500000,2.4358125000,2.1795000000
171.4769976139,2.4725625000,2.2125000000,2.4358125000,2.1806250000
171.9654047489,2.4733125000,2.2119375000,2.4345000000,2.1806250000
172.4833421707,2.4720000000,2.2113750000,2.4343125000,2.1796875000
173.0365188122,2.4706875000,2.2095000000,2.4331875000,2.1793125000
173.5442328453,2.4712500000,2.2113750000,2.4339375000,2.1802500000
174.0721764565,2.4706875000,2.2106250000,2.4328125000,2.1798750000
174.6022946835,2.4701250000,2.2098750000,2.4330000000,2.1796875000
175.1028554440,2.4693750000,2.2093125000,2.4326250000,2.1795000000
175.6063060760,2.4688125000,2.2083750000,2.4316875000,2.1787500000
176.2286176682,2.4678750000,2.2076250000,2.4315000000,2.1783750000
176.7047331333,2.4675000000,2.2070625000,2.4311250000,2.1785625000
177.0668900013,2.4675000000,2.2076250000,2.4311250000,2.1791250000
177.4299840927,2.4673125000,2.2072500000,2.4315000000,2.1795000000
177.7929883003,2.4671250000,2.2080000000,2.4316875000,2.1798750000
178.1557905674,2.4675000000,2.2078125000,2.4316875000,2.1802500000
178.5408732891,2.4671250000,2.2059375000,2.4316875000,2.1798750000
179.0695409775,2.4675000000,2.2068750000,2.4315000000,2.1800625000
179.6727094650,2.4665625000,2.2061250000,2.4311250000,2.1795000000
180.2063341141,2.4669375000,2.2059375000,2.4309375000,2.1789375000
180.7031888962,2.4665625000,2.2050000000,2.4305625000,2.1789375000
181.1989467144,2.4660000000,2.2044375000,2.4305625000,2.1785625000
181.6891634464,2.4658125000,2.2040625000,2.4301875000,2.1780000000
182.1786718369,2.4648750000,2.2031250000,2.4296250000,2.1776250000
182.5757648945,2.4643125000,2.2023750000,2.4300000000,2.1783750000
183.0677132607,2.4637500000,2.2027500000,2.4294375000,2.1776250000
183.5594217777,2.4648750000,2.2031250000,2.4288750000,2.1776250000
184.0503418446,2.4639375000,2.2003125000,2.4290625000,2.1776250000
184.5433771610,2.4646875000,2.2023750000,2.4292500000,2.1791250000
185.0350329876,2.4637500000,2.2016250000,2.4298125000,2.1787500000
185.5261969566,2.4633750000,2.2012500000,2.4290625000,2.1781875000
186.0425627232,2.4630000000,2.1995625000,2.4286875000,2.1766875000
186.5935771465,2.4633750000,2.2010625000,2.4290625000,2.1783750000
187.0862920284,2.4641250000,2.2008750000,2.4292500000,2.1785625000
187.5794773102,2.4641250000,2.2003125000,2.4290625000,2.1780000000
188.0709607601,2.4635625000,2.1997500000,2.4285000000,2.1780000000
188.5633835793,2.4626250000,2.1988125000,2.4277500000,2.1772500000
189.1326076984,2.4618750000,2.1984375000,2.4273750000,2.1770625000
189.6729409695,2.4616875000,2.1984375000,2.4268125000,2.1772500000
190.0550761223,2.4616875000,2.1986250000,2.4271875000,2.1776250000
190.4949452877,2.4616875000,2.1982500000,2.4273750000,2.1776250000
190.9930627346,2.4615000000,2.1980625000,2.4268125000,2.1774375000
191.4926011562,2.4601875000,2.1986250000,2.4262500000,2.1763125000
191.9999423027,2.4601875000,2.1975000000,2.4262500000,2.1772500000
192.5054903030,2.4596250000,2.1971250000,2.4258750000,2.1770625000
193.0074136257,2.4596250000,2.1969375000,2.4260625000,2.1774375000
193.5062088966,2.4590625000,2.1963750000,2.4256875000,2.1770625000
194.0058646202,2.4586875000,2.1958125000,2.4255000000,2.1768750000
194.5058288574,2.4581250000,2.1952500000,2.4251250000,2.1766875000
195.0074143410,2.4575625000,2.1946875000,2.4240000000,2.1761250000
195.3881652355,2.4553125000,2.1948750000,2.4241875000,2.1753750000
195.9230690002,2.4568125000,2.1946875000,2.4232500000,2.1768750000
196.4274349213,2.4570000000,2.1948750000,2.4238125000,2.1763125000
196.9322857857,2.4538125000,2.1939375000,2.4247500000,2.1759375000
197.4464378357,2.4568125000,2.1939375000,2.4240000000,2.1776250000
197.9495708942,2.4566250000,2.1941250000,2.4249375000,2.1768750000
198.4565384388,2.4560625000,2.1931875000,2.4243750000,2.1766875000
199.0463411808,2.4555000000,2.1928125000,2.4241875000,2.1763125000
199.6115143299,2.4551250000,2.1924375000,2.4240000000,2.1763125000
200.1657223701,2.4549375000,2.1916875000,2.4240000000,2.1759375000
200.6513364315,2.4534375000,2.1915000000,2.4236250000,2.1753750000
201.0343065262,2.4541875000,2.1916875000,2.4238125000,2.1763125000
201.4236896038,2.4540000000,2.1911250000,2.4234375000,2.1759375000
201.8874671459,2.4543750000,2.1915000000,2.4240000000,2.1766875000
202.4827284813,2.4536250000,2.1913125000,2.4226875000,2.1765000000
202.9961981773,2.4541875000,2.1915000000,2.4240000000,2.1766875000
203.5056579113,2.4538125000,2.1907500000,2.4238125000,2.1765000000
204.0133516788,2.4532500000,2.1901875000,2.4236250000,2.1759375000
204.5205008984,2.4526875000,2.1894375000,2.4228750000,2.1755625000
205.0337228775,2.4521250000,2.1890625000,2.4226875000,2.1753750000
205.5488166809,2.4517500000,2.1883125000,2.4230625000,2.1753750000
206.0574796200,2.4513750000,2.1881250000,2.4228750000,2.1751875000
206.4367465973,2.4513750000,2.1885000000,2.4230625000,2.1755625000
206.8162138462,2.4513750000,2.1885000000,2.4234375000,2.1759375000
207.1954474449,2.4513750000,2.1886875000,2.4238125000,2.1763125000
207.5735964775,2.4513750000,2.1883125000,2.4226875000,2.1755625000
208.0138957500,2.4510000000,2.1870000000,2.4238125000,2.1748125000
208.6707553864,2.4515625000,2.1881250000,2.4234375000,2.1761250000
209.2289879322,2.4515625000,2.1881250000,2.4238125000,2.1757500000
209.7414448261,2.4511875000,2.1875625000,2.4245625000,2.1753750000
210.2522091866,2.4502500000,2.1870000000,2.4247500000,2.1757500000
210.7624471188,2.4510000000,2.1866250000,2.4245625000,2.1753750000
211.2770743370,2.4502500000,2.1858750000,2.4238125000,2.1748125000
211.7581391335,2.4496875000,2.1856875000,2.4236250000,2.1748125000
212.1667108536,2.4502500000,2.1858750000,2.4243750000,2.1755625000
212.6806168556,2.4500625000,2.1855000000,2.4241875000,2.1751875000
213.1954088211,2.4498750000,2.1851250000,2.4240000000,2.1751875000
213.7102324963,2.4491250000,2.1845625000,2.4223125000,2.1746250000
214.2299220562,2.4489375000,2.1843750000,2.4230625000,2.1746250000
214.7500832081,2.4489375000,2.1836250000,2.4232500000,2.1746250000
215.2704524994,2.4491250000,2.1840000000,2.4236250000,2.1748125000
215.7872970104,2.4489375000,2.1832500000,2.4232500000,2.1744375000
216.3060307503,2.4487500000,2.1832500000,2.4232500000,2.1740625000
216.8224902153,2.4483750000,2.1826875000,2.4226875000,2.1740625000
217.3047318459,2.4476250000,2.1821250000,2.4225000000,2.1740625000
217.7165639400,2.4480000000,2.1821250000,2.4228750000,2.1742500000
218.2395641804,2.4476250000,2.1821250000,2.4225000000,2.1740625000
218.7605371475,2.4476250000,2.1817500000,2.4226875000,2.1736875000
219.2809972763,2.4468750000,2.1815625000,2.4217500000,2.1742500000
219.8056643009,2.4472500000,2.1817500000,2.4223125000,2.1748125000
220.3243296146,2.4453750000,2.1817500000,2.4208125000,2.1748125000
220.8506503105,2.4455625000,2.1798750000,2.4204375000,2.1727500000
221.3799233437,2.4459375000,2.1817500000,2.4226875000,2.1757500000
221.9049990177,2.4461250000,2.1821250000,2.4225000000,2.1753750000
222.4267585278,2.4451875000,2.1789375000,2.4219375000,2.1738750000
222.9484958649,2.4453750000,2.1808125000,2.4225000000,2.1759375000
223.4699218273,2.4470625000,2.1815625000,2.4223125000,2.1763125000
223.9921226501,2.4457500000,2.1804375000,2.4211875000,2.1750000000
224.5183503628,2.4455625000,2.1800625000,2.4210000000,2.1748125000
225.0450487137,2.4451875000,2.1798750000,2.4210000000,2.1748125000
225.5675666332,2.4450000000,2.1793125000,2.4202500000,2.1746250000
226.0907952785,2.4446250000,2.1787500000,2.4200625000,2.1742500000
226.6126527786,2.4442500000,2.1785625000,2.4198750000,2.1735000000
227.0033631325,2.4436875000,2.1778125000,2.4191250000,2.1738750000
227.3971059322,2.4433125000,2.1780000000,2.4189375000,2.1742500000
227.8139374256,2.4440625000,2.1783750000,2.4196875000,2.1748125000
228.3423428535,2.4431250000,2.1785625000,2.4189375000,2.1731250000
228.8721120358,2.4423750000,2.1776250000,2.4178125000,2.1748125000
229.3992791176,2.4431250000,2.1781875000,2.4193125000,2.1746250000
229.9247808456,2.4427500000,2.1776250000,2.4185625000,2.1744375000
230.4591233730,2.4420000000,2.1765000000,2.4176250000,2.1736875000
231.0358905792,2.4414375000,2.1765000000,2.4172500000,2.1736875000
231.6164281368,2.4414375000,2.1761250000,2.4168750000,2.1735000000
232.1540992260,2.4408750000,2.1759375000,2.4159375000,2.1736875000
232.5496816635,2.4401250000,2.1759375000,2.4168750000,2.1738750000
232.9431543350,2.4403125000,2.1757500000,2.4168750000,2.1740625000
233.3370840549,2.4405000000,2.1763125000,2.4166875000,2.1744375000
233.7342376709,2.4390000000,2.1744375000,2.4166875000,2.1740625000
234.2097101212,2.4384375000,2.1755625000,2.4163125000,2.1750000000
234.7529437542,2.4399375000,2.1750000000,2.4172500000,2.1744375000
235.2870054245,2.4388125000,2.1766875000,2.4170625000,2.1750000000
235.8209733963,2.4401250000,2.1766875000,2.4174375000,2.1744375000
236.3549187183,2.4393750000,2.1761250000,2.4168750000,2.1751875000
236.8902566433,2.4390000000,2.1751875000,2.4157500000,2.1740625000
237.4275224209,2.4382500000,2.1746250000,2.4155625000,2.1738750000
237.9646065235,2.4386250000,2.1744375000,2.4150000000,2.1738750000
238.4376363754,2.4375000000,2.1740625000,2.4148125000,2.1738750000
238.8344094753,2.4376875000,2.1740625000,2.4148125000,2.1742500000
239.2315316200,2.4376875000,2.1740625000,2.4146250000,2.1742500000
239.6295094490,2.4376875000,2.1742500000,2.4151875000,2.1740625000
240.0298197269,2.4369375000,2.1736875000,2.4148125000,2.1742500000
240.5232911110,2.4369375000,2.1738750000,2.4150000000,2.1742500000
241.0608429909,2.4373125000,2.1733125000,2.4148125000,2.1740625000
241.5991072655,2.4371250000,2.1725625000,2.4148125000,2.1735000000
242.1371545792,2.4367500000,2.1718125000,2.4144375000,2.1733125000
242.6789023876,2.4356250000,2.1714375000,2.4142500000,2.1725625000
243.2375786304,2.4354375000,2.1708750000,2.4135000000,2.1723750000
243.6796417236,2.4346875000,2.1710625000,2.4133125000,2.1727500000
244.0916774273,2.4350625000,2.1710625000,2.4133125000,2.1731250000
244.5190794468,2.4360000000,2.1720000000,2.4138750000,2.1738750000
245.0807914734,2.4343125000,2.1710625000,2.4133125000,2.1718125000
245.6327104568,2.4356250000,2.1714375000,2.4138750000,2.1731250000
246.2032253742,2.4337500000,2.1697500000,2.4121875000,2.1721875000
246.7521753311,2.4343125000,2.1708750000,2.4136875000,2.1735000000
247.3012857437,2.4345000000,2.1699375000,2.4131250000,2.1736875000
247.8494234085,2.4343125000,2.1706875000,2.4135000000,2.1727500000
248.3930332661,2.4337500000,2.1690000000,2.4131250000,2.1733125000
248.9348442554,2.4337500000,2.1699375000,2.4123750000,2.1720000000
249.4636180401,2.4330000000,2.1684375000,2.4123750000,2.1720000000
249.8674263954,2.4322500000,2.1686250000,2.4120000000,2.1725625000
250.2829537392,2.4324375000,2.1695625000,2.4123750000,2.1733125000
250.8268001080,2.4324375000,2.1690000000,2.4125625000,2.1727500000
251.3706820011,2.4324375000,2.1684375000,2.4123750000,2.1718125000
251.9158713818,2.4322500000,2.1680625000,2.4123750000,2.1720000000
252.4601354599,2.4318750000,2.1673125000,2.4121875000,2.1714375000
253.0061671734,2.4307500000,2.1669375000,2.4112500000,2.1708750000
253.5537915230,2.4305625000,2.1669375000,2.4114375000,2.1701250000
253.9623496532,2.4307500000,2.1671250000,2.4118125000,2.1710625000
254.3688087463,2.4307500000,2.1675000000,2.4120000000,2.1716250000
254.7755799294,2.4307500000,2.1675000000,2.4121875000,2.1714375000
255.1823608875,2.4300000000,2.1643125000,2.4091875000,2.1720000000
255.7304389477,2.4281250000,2.1663750000,2.4101250000,2.1712500000
256.2863962650,2.4300000000,2.1673125000,2.4125625000,2.1721875000
256.8386678696,2.4300000000,2.1669375000,2.4125625000,2.1718125000
257.3933513165,2.4300000000,2.1669375000,2.4129375000,2.1723750000
257.9447968006,2.4300000000,2.1663750000,2.4125625000,2.1718125000
258.4959456921,2.4298125000,2.1660000000,2.4127500000,2.1714375000
259.0457196236,2.4300000000,2.1660000000,2.4125625000,2.1716250000
259.5982885361,2.4290625000,2.1658125000,2.4114375000,2.1708750000
260.1514396667,2.4277500000,2.1654375000,2.4121875000,2.1714375000
260.7044923306,2.4283125000,2.1648750000,2.4123750000,2.1718125000
261.2606725693,2.4275625000,2.1630000000,2.4099375000,2.1701250000
261.8257029057,2.4249375000,2.1648750000,2.4095625000,2.1706875000
262.4082765579,2.4292500000,2.1652500000,2.4120000000,2.1716250000
262.9617197514,2.4273750000,2.1648750000,2.4099375000,2.1718125000
263.5544395447,2.4292500000,2.1639375000,2.4121875000,2.1708750000
264.1529581547,2.4292500000,2.1645000000,2.4114375000,2.1716250000
264.7379078865,2.4296250000,2.1643125000,2.4120000000,2.1714375000
265.3216178417,2.4271875000,2.1633750000,2.4093750000,2.1686250000
265.8871140480,2.4285000000,2.1637500000,2.4112500000,2.1714375000
266.4389967918,2.4285000000,2.1633750000,2.4106875000,2.1708750000
266.9996314049,2.4283125000,2.1631875000,2.4105000000,2.1706875000
267.5528516769,2.4281250000,2.1626250000,2.4103125000,2.1701250000
268.1040375233,2.4279375000,2.1622500000,2.4099375000,2.1697500000
268.6534152031,2.4271875000,2.1616875000,2.4095625000,2.1695625000
269.1820487976,2.4260625000,2.1609375000,2.4084375000,2.1690000000
269.5932810307,2.4262500000,2.1615000000,2.4088125000,2.1695625000
270.0046598911,2.4268125000,2.1616875000,2.4097500000,2.1701250000
270.4156477451,2.4264375000,2.1622500000,2.4099375000,2.1703125000
270.8273909092,2.4275625000,2.1620625000,2.4086250000,2.1705000000
271.3859593868,2.4255000000,2.1616875000,2.4105000000,2.1712500000
271.9405031204,2.4262500000,2.1620625000,2.4101250000,2.1703125000
272.5215885639,2.4256875000,2.1613125000,2.4090000000,2.1688125000
273.0777566433,2.4249375000,2.1615000000,2.4095625000,2.1693750000
273.6330373287,2.4241875000,2.1611250000,2.4091875000,2.1695625000
274.1883702278,2.4240000000,2.1600000000,2.4088125000,2.1699375000
274.7210071087,2.4243750000,2.1605625000,2.4078750000,2.1697500000
275.1565625668,2.4241875000,2.1609375000,2.4084375000,2.1695625000
275.7151741982,2.4213750000,2.1603750000,2.4069375000,2.1706875000
276.2725150585,2.4228750000,2.1605625000,2.4073125000,2.1699375000
276.8304748535,2.4228750000,2.1603750000,2.4075000000,2.1697500000
277.3878462315,2.4225000000,2.1598125000,2.4071250000,2.1695625000
277.9445376396,2.4217500000,2.1594375000,2.4071250000,2.1691875000
278.5024678707,2.4210000000,2.1586875000,2.4063750000,2.1680625000
279.0625422001,2.4208125000,2.1585000000,2.4063750000,2.1680625000
279.5164201260,2.4206250000,2.1588750000,2.4063750000,2.1690000000
279.9387550354,2.4211875000,2.1592500000,2.4069375000,2.1691875000
